year,month,date_of_month,day_of_week,births
2000,1,1,6,12
2000,1,2,7,9
2000,1,3,1,19
2000,1,4,2,24
2000,1,5,3,23
2000,1,6,4,22
2000,1,7,5,23
2000,1,8,6,12
2000,1,9,7,9
2000,1,10,1,20
2000,1,11,2,23
2000,1,12,3,22
2000,1,13,4,20
2000,1,14,5,22
2000,1,15,6,11
2000,1,16,7,8
2000,1,17,1,17
2000,1,18,2,22
2000,1,19,3,22
2000,1,20,4,23
2000,1,21,5,21
2000,1,22,6,12
2000,1,23,7,9
2000,1,24,1,19
2000,1,25,2,23
2000,1,26,3,21
2000,1,27,4,22
2000,1,28,5,21
2000,1,29,6,11
2000,1,30,7,8
2000,1,31,1,18
2000,2,1,2,23
2000,2,2,3,22
2000,2,3,4,21
2000,2,4,5,21
2000,2,5,6,11
2000,2,6,7,9
2000,2,7,1,20
2000,2,8,2,24
2000,2,9,3,22
2000,2,10,4,23
2000,2,11,5,22
2000,2,12,6,12
2000,2,13,7,9
2000,2,14,1,21
2000,2,15,2,24
2000,2,16,3,23
2000,2,17,4,23
2000,2,18,5,22
2000,2,19,6,12
2000,2,20,7,9
2000,2,21,1,17
2000,2,22,2,23
2000,2,23,3,22
2000,2,24,4,22
2000,2,25,5,22
2000,2,26,6,12
2000,2,27,7,9
2000,2,28,1,19
2000,2,29,2,21
2000,3,1,3,23
2000,3,2,4,23
2000,3,3,5,22
2000,3,4,6,12
2000,3,5,7,8
2000,3,6,1,19
2000,3,7,2,22
2000,3,8,3,22
2000,3,9,4,23
2000,3,10,5,21
2000,3,11,6,11
2000,3,12,7,9
2000,3,13,1,18
2000,3,14,2,23
2000,3,15,3,22
2000,3,16,4,22
2000,3,17,5,22
2000,3,18,6,11
2000,3,19,7,8
2000,3,20,1,20
2000,3,21,2,23
2000,3,22,3,22
2000,3,23,4,22
2000,3,24,5,22
2000,3,25,6,12
2000,3,26,7,8
2000,3,27,1,19
2000,3,28,2,23
2000,3,29,3,21
2000,3,30,4,21
2000,3,31,5,20
2000,4,1,6,10
2000,4,2,7,8
2000,4,3,1,19
2000,4,4,2,23
2000,4,5,3,22
2000,4,6,4,22
2000,4,7,5,22
2000,4,8,6,11
2000,4,9,7,8
2000,4,10,1,19
2000,4,11,2,24
2000,4,12,3,23
2000,4,13,4,21
2000,4,14,5,21
2000,4,15,6,12
2000,4,16,7,9
2000,4,17,1,19
2000,4,18,2,23
2000,4,19,3,23
2000,4,20,4,22
2000,4,21,5,19
2000,4,22,6,10
2000,4,23,7,7
2000,4,24,1,19
2000,4,25,2,22
2000,4,26,3,22
2000,4,27,4,22
2000,4,28,5,21
2000,4,29,6,11
2000,4,30,7,8
2000,5,1,1,20
2000,5,2,2,24
2000,5,3,3,22
2000,5,4,4,22
2000,5,5,5,23
2000,5,6,6,11
2000,5,7,7,8
2000,5,8,1,20
2000,5,9,2,23
2000,5,10,3,23
2000,5,11,4,22
2000,5,12,5,21
2000,5,13,6,11
2000,5,14,7,8
2000,5,15,1,20
2000,5,16,2,24
2000,5,17,3,23
2000,5,18,4,23
2000,5,19,5,22
2000,5,20,6,11
2000,5,21,7,9
2000,5,22,1,20
2000,5,23,2,24
2000,5,24,3,23
2000,5,25,4,24
2000,5,26,5,23
2000,5,27,6,12
2000,5,28,7,9
2000,5,29,1,10
2000,5,30,2,21
2000,5,31,3,24
2000,6,1,4,25
2000,6,2,5,23
2000,6,3,6,12
2000,6,4,7,9
2000,6,5,1,20
2000,6,6,2,23
2000,6,7,3,22
2000,6,8,4,23
2000,6,9,5,23
2000,6,10,6,12
2000,6,11,7,9
2000,6,12,1,21
2000,6,13,2,23
2000,6,14,3,24
2000,6,15,4,23
2000,6,16,5,23
2000,6,17,6,12
2000,6,18,7,9
2000,6,19,1,20
2000,6,20,2,24
2000,6,21,3,23
2000,6,22,4,23
2000,6,23,5,23
2000,6,24,6,12
2000,6,25,7,10
2000,6,26,1,21
2000,6,27,2,25
2000,6,28,3,24
2000,6,29,4,25
2000,6,30,5,25
2000,7,1,6,13
2000,7,2,7,9
2000,7,3,1,19
2000,7,4,2,14
2000,7,5,3,22
2000,7,6,4,27
2000,7,7,5,26
2000,7,8,6,14
2000,7,9,7,11
2000,7,10,1,22
2000,7,11,2,26
2000,7,12,3,23
2000,7,13,4,24
2000,7,14,5,25
2000,7,15,6,14
2000,7,16,7,10
2000,7,17,1,21
2000,7,18,2,26
2000,7,19,3,24
2000,7,20,4,25
2000,7,21,5,24
2000,7,22,6,13
2000,7,23,7,9
2000,7,24,1,21
2000,7,25,2,25
2000,7,26,3,24
2000,7,27,4,24
2000,7,28,5,24
2000,7,29,6,13
2000,7,30,7,10
2000,7,31,1,21
2000,8,1,2,25
2000,8,2,3,24
2000,8,3,4,24
2000,8,4,5,24
2000,8,5,6,13
2000,8,6,7,10
2000,8,7,1,21
2000,8,8,2,26
2000,8,9,3,25
2000,8,10,4,24
2000,8,11,5,23
2000,8,12,6,13
2000,8,13,7,10
2000,8,14,1,21
2000,8,15,2,25
2000,8,16,3,25
2000,8,17,4,24
2000,8,18,5,24
2000,8,19,6,13
2000,8,20,7,10
2000,8,21,1,21
2000,8,22,2,25
2000,8,23,3,24
2000,8,24,4,24
2000,8,25,5,24
2000,8,26,6,13
2000,8,27,7,10
2000,8,28,1,21
2000,8,29,2,25
2000,8,30,3,24
2000,8,31,4,25
2000,9,1,5,24
2000,9,2,6,13
2000,9,3,7,10
2000,9,4,1,11
2000,9,5,2,22
2000,9,6,3,27
2000,9,7,4,26
2000,9,8,5,25
2000,9,9,6,15
2000,9,10,7,11
2000,9,11,1,22
2000,9,12,2,26
2000,9,13,3,25
2000,9,14,4,26
2000,9,15,5,26
2000,9,16,6,14
2000,9,17,7,11
2000,9,18,1,23
2000,9,19,2,27
2000,9,20,3,26
2000,9,21,4,25
2000,9,22,5,25
2000,9,23,6,13
2000,9,24,7,11
2000,9,25,1,22
2000,9,26,2,26
2000,9,27,3,25
2000,9,28,4,26
2000,9,29,5,24
2000,9,30,6,13
2000,10,1,7,10
2000,10,2,1,22
2000,10,3,2,25
2000,10,4,3,24
2000,10,5,4,25
2000,10,6,5,23
2000,10,7,6,12
2000,10,8,7,9
2000,10,9,1,19
2000,10,10,2,24
2000,10,11,3,24
2000,10,12,4,24
2000,10,13,5,20
2000,10,14,6,12
2000,10,15,7,9
2000,10,16,1,21
2000,10,17,2,24
2000,10,18,3,23
2000,10,19,4,23
2000,10,20,5,22
2000,10,21,6,12
2000,10,22,7,9
2000,10,23,1,20
2000,10,24,2,24
2000,10,25,3,23
2000,10,26,4,23
2000,10,27,5,22
2000,10,28,6,12
2000,10,29,7,9
2000,10,30,1,20
2000,10,31,2,19
2000,11,1,3,24
2000,11,2,4,24
2000,11,3,5,23
2000,11,4,6,12
2000,11,5,7,9
2000,11,6,1,21
2000,11,7,2,23
2000,11,8,3,23
2000,11,9,4,23
2000,11,10,5,23
2000,11,11,6,13
2000,11,12,7,9
2000,11,13,1,19
2000,11,14,2,24
2000,11,15,3,24
2000,11,16,4,24
2000,11,17,5,24
2000,11,18,6,12
2000,11,19,7,9
2000,11,20,1,24
2000,11,21,2,27
2000,11,22,3,22
2000,11,23,4,9
2000,11,24,5,14
2000,11,25,6,11
2000,11,26,7,9
2000,11,27,1,22
2000,11,28,2,26
2000,11,29,3,24
2000,11,30,4,23
2000,12,1,5,23
2000,12,2,6,12
2000,12,3,7,9
2000,12,4,1,20
2000,12,5,2,24
2000,12,6,3,23
2000,12,7,4,23
2000,12,8,5,23
2000,12,9,6,12
2000,12,10,7,9
2000,12,11,1,20
2000,12,12,2,26
2000,12,13,3,23
2000,12,14,4,23
2000,12,15,5,23
2000,12,16,6,13
2000,12,17,7,9
2000,12,18,1,23
2000,12,19,2,26
2000,12,20,3,26
2000,12,21,4,26
2000,12,22,5,22
2000,12,23,6,10
2000,12,24,7,6
2000,12,25,1,5
2000,12,26,2,16
2000,12,27,3,25
2000,12,28,4,27
2000,12,29,5,26
2000,12,30,6,13
2000,12,31,7,9
2001,1,1,1,8
2001,1,2,2,17
2001,1,3,3,22
2001,1,4,4,23
2001,1,5,5,23
2001,1,6,6,13
2001,1,7,7,9
2001,1,8,1,19
2001,1,9,2,22
2001,1,10,3,22
2001,1,11,4,22
2001,1,12,5,23
2001,1,13,6,12
2001,1,14,7,8
2001,1,15,1,18
2001,1,16,2,22
2001,1,17,3,22
2001,1,18,4,23
2001,1,19,5,22
2001,1,20,6,11
2001,1,21,7,9
2001,1,22,1,19
2001,1,23,2,22
2001,1,24,3,22
2001,1,25,4,23
2001,1,26,5,22
2001,1,27,6,11
2001,1,28,7,8
2001,1,29,1,20
2001,1,30,2,22
2001,1,31,3,22
2001,2,1,4,22
2001,2,2,5,22
2001,2,3,6,11
2001,2,4,7,8
2001,2,5,1,20
2001,2,6,2,23
2001,2,7,3,22
2001,2,8,4,22
2001,2,9,5,22
2001,2,10,6,11
2001,2,11,7,8
2001,2,12,1,20
2001,2,13,2,22
2001,2,14,3,25
2001,2,15,4,23
2001,2,16,5,22
2001,2,17,6,11
2001,2,18,7,8
2001,2,19,1,17
2001,2,20,2,22
2001,2,21,3,22
2001,2,22,4,22
2001,2,23,5,22
2001,2,24,6,11
2001,2,25,7,8
2001,2,26,1,19
2001,2,27,2,22
2001,2,28,3,22
2001,3,1,4,23
2001,3,2,5,22
2001,3,3,6,12
2001,3,4,7,8
2001,3,5,1,19
2001,3,6,2,22
2001,3,7,3,22
2001,3,8,4,22
2001,3,9,5,22
2001,3,10,6,11
2001,3,11,7,8
2001,3,12,1,20
2001,3,13,2,23
2001,3,14,3,23
2001,3,15,4,23
2001,3,16,5,22
2001,3,17,6,12
2001,3,18,7,8
2001,3,19,1,19
2001,3,20,2,24
2001,3,21,3,23
2001,3,22,4,22
2001,3,23,5,22
2001,3,24,6,11
2001,3,25,7,8
2001,3,26,1,19
2001,3,27,2,23
2001,3,28,3,22
2001,3,29,4,22
2001,3,30,5,21
2001,3,31,6,11
2001,4,1,7,7
2001,4,2,1,20
2001,4,3,2,24
2001,4,4,3,23
2001,4,5,4,22
2001,4,6,5,22
2001,4,7,6,11
2001,4,8,7,8
2001,4,9,1,20
2001,4,10,2,24
2001,4,11,3,24
2001,4,12,4,23
2001,4,13,5,18
2001,4,14,6,10
2001,4,15,7,7
2001,4,16,1,19
2001,4,17,2,24
2001,4,18,3,22
2001,4,19,4,22
2001,4,20,5,22
2001,4,21,6,12
2001,4,22,7,8
2001,4,23,1,20
2001,4,24,2,24
2001,4,25,3,23
2001,4,26,4,23
2001,4,27,5,22
2001,4,28,6,11
2001,4,29,7,8
2001,4,30,1,19
2001,5,1,2,24
2001,5,2,3,23
2001,5,3,4,23
2001,5,4,5,22
2001,5,5,6,11
2001,5,6,7,9
2001,5,7,1,20
2001,5,8,2,24
2001,5,9,3,22
2001,5,10,4,23
2001,5,11,5,22
2001,5,12,6,11
2001,5,13,7,7
2001,5,14,1,20
2001,5,15,2,24
2001,5,16,3,23
2001,5,17,4,23
2001,5,18,5,22
2001,5,19,6,11
2001,5,20,7,8
2001,5,21,1,20
2001,5,22,2,24
2001,5,23,3,24
2001,5,24,4,25
2001,5,25,5,23
2001,5,26,6,12
2001,5,27,7,8
2001,5,28,1,9
2001,5,29,2,21
2001,5,30,3,25
2001,5,31,4,24
2001,6,1,5,23
2001,6,2,6,12
2001,6,3,7,9
2001,6,4,1,20
2001,6,5,2,23
2001,6,6,3,23
2001,6,7,4,23
2001,6,8,5,22
2001,6,9,6,11
2001,6,10,7,8
2001,6,11,1,20
2001,6,12,2,25
2001,6,13,3,22
2001,6,14,4,23
2001,6,15,5,22
2001,6,16,6,11
2001,6,17,7,8
2001,6,18,1,20
2001,6,19,2,23
2001,6,20,3,23
2001,6,21,4,23
2001,6,22,5,22
2001,6,23,6,10
2001,6,24,7,8
2001,6,25,1,20
2001,6,26,2,24
2001,6,27,3,23
2001,6,28,4,24
2001,6,29,5,24
2001,6,30,6,13
2001,7,1,7,9
2001,7,2,1,22
2001,7,3,2,25
2001,7,4,3,14
2001,7,5,4,23
2001,7,6,5,24
2001,7,7,6,14
2001,7,8,7,10
2001,7,9,1,21
2001,7,10,2,26
2001,7,11,3,24
2001,7,12,4,25
2001,7,13,5,22
2001,7,14,6,13
2001,7,15,7,9
2001,7,16,1,22
2001,7,17,2,26
2001,7,18,3,25
2001,7,19,4,25
2001,7,20,5,24
2001,7,21,6,13
2001,7,22,7,9
2001,7,23,1,21
2001,7,24,2,26
2001,7,25,3,24
2001,7,26,4,24
2001,7,27,5,23
2001,7,28,6,12
2001,7,29,7,9
2001,7,30,1,21
2001,7,31,2,25
2001,8,1,3,24
2001,8,2,4,24
2001,8,3,5,24
2001,8,4,6,12
2001,8,5,7,9
2001,8,6,1,21
2001,8,7,2,25
2001,8,8,3,25
2001,8,9,4,25
2001,8,10,5,24
2001,8,11,6,13
2001,8,12,7,10
2001,8,13,1,20
2001,8,14,2,25
2001,8,15,3,25
2001,8,16,4,25
2001,8,17,5,24
2001,8,18,6,13
2001,8,19,7,9
2001,8,20,1,22
2001,8,21,2,26
2001,8,22,3,24
2001,8,23,4,24
2001,8,24,5,24
2001,8,25,6,13
2001,8,26,7,9
2001,8,27,1,21
2001,8,28,2,26
2001,8,29,3,24
2001,8,30,4,26
2001,8,31,5,25
2001,9,1,6,13
2001,9,2,7,10
2001,9,3,1,9
2001,9,4,2,23
2001,9,5,3,27
2001,9,6,4,27
2001,9,7,5,26
2001,9,8,6,13
2001,9,9,7,10
2001,9,10,1,22
2001,9,11,2,26
2001,9,12,3,24
2001,9,13,4,25
2001,9,14,5,25
2001,9,15,6,14
2001,9,16,7,10
2001,9,17,1,23
2001,9,18,2,26
2001,9,19,3,26
2001,9,20,4,26
2001,9,21,5,25
2001,9,22,6,14
2001,9,23,7,10
2001,9,24,1,23
2001,9,25,2,27
2001,9,26,3,25
2001,9,27,4,25
2001,9,28,5,25
2001,9,29,6,13
2001,9,30,7,9
2001,10,1,1,22
2001,10,2,2,26
2001,10,3,3,24
2001,10,4,4,25
2001,10,5,5,24
2001,10,6,6,12
2001,10,7,7,8
2001,10,8,1,20
2001,10,9,2,24
2001,10,10,3,24
2001,10,11,4,23
2001,10,12,5,23
2001,10,13,6,11
2001,10,14,7,8
2001,10,15,1,20
2001,10,16,2,23
2001,10,17,3,23
2001,10,18,4,23
2001,10,19,5,22
2001,10,20,6,11
2001,10,21,7,8
2001,10,22,1,20
2001,10,23,2,24
2001,10,24,3,23
2001,10,25,4,23
2001,10,26,5,22
2001,10,27,6,10
2001,10,28,7,8
2001,10,29,1,19
2001,10,30,2,23
2001,10,31,3,18
2001,11,1,4,24
2001,11,2,5,22
2001,11,3,6,11
2001,11,4,7,8
2001,11,5,1,20
2001,11,6,2,23
2001,11,7,3,22
2001,11,8,4,23
2001,11,9,5,22
2001,11,10,6,11
2001,11,11,7,8
2001,11,12,1,20
2001,11,13,2,22
2001,11,14,3,23
2001,11,15,4,24
2001,11,16,5,24
2001,11,17,6,11
2001,11,18,7,7
2001,11,19,1,23
2001,11,20,2,26
2001,11,21,3,22
2001,11,22,4,8
2001,11,23,5,14
2001,11,24,6,9
2001,11,25,7,7
2001,11,26,1,20
2001,11,27,2,25
2001,11,28,3,23
2001,11,29,4,22
2001,11,30,5,21
2001,12,1,6,10
2001,12,2,7,7
2001,12,3,1,20
2001,12,4,2,23
2001,12,5,3,23
2001,12,6,4,22
2001,12,7,5,20
2001,12,8,6,10
2001,12,9,7,7
2001,12,10,1,20
2001,12,11,2,23
2001,12,12,3,24
2001,12,13,4,22
2001,12,14,5,22
2001,12,15,6,11
2001,12,16,7,7
2001,12,17,1,22
2001,12,18,2,26
2001,12,19,3,25
2001,12,20,4,27
2001,12,21,5,26
2001,12,22,6,12
2001,12,23,7,7
2001,12,24,1,8
2001,12,25,2,5
2001,12,26,3,18
2001,12,27,4,27
2001,12,28,5,28
2001,12,29,6,14
2001,12,30,7,9
2001,12,31,1,16
2002,1,1,2,9
2002,1,2,3,17
2002,1,3,4,22
2002,1,4,5,23
2002,1,5,6,12
2002,1,6,7,8
2002,1,7,1,20
2002,1,8,2,23
2002,1,9,3,20
2002,1,10,4,23
2002,1,11,5,22
2002,1,12,6,11
2002,1,13,7,7
2002,1,14,1,20
2002,1,15,2,22
2002,1,16,3,21
2002,1,17,4,22
2002,1,18,5,22
2002,1,19,6,10
2002,1,20,7,7
2002,1,21,1,18
2002,1,22,2,22
2002,1,23,3,22
2002,1,24,4,23
2002,1,25,5,21
2002,1,26,6,11
2002,1,27,7,8
2002,1,28,1,19
2002,1,29,2,22
2002,1,30,3,21
2002,1,31,4,21
2002,2,1,5,21
2002,2,2,6,12
2002,2,3,7,7
2002,2,4,1,19
2002,2,5,2,22
2002,2,6,3,22
2002,2,7,4,22
2002,2,8,5,22
2002,2,9,6,11
2002,2,10,7,8
2002,2,11,1,20
2002,2,12,2,23
2002,2,13,3,21
2002,2,14,4,24
2002,2,15,5,23
2002,2,16,6,11
2002,2,17,7,7
2002,2,18,1,18
2002,2,19,2,22
2002,2,20,3,23
2002,2,21,4,22
2002,2,22,5,23
2002,2,23,6,11
2002,2,24,7,7
2002,2,25,1,20
2002,2,26,2,22
2002,2,27,3,22
2002,2,28,4,22
2002,3,1,5,22
2002,3,2,6,11
2002,3,3,7,8
2002,3,4,1,20
2002,3,5,2,23
2002,3,6,3,22
2002,3,7,4,23
2002,3,8,5,22
2002,3,9,6,11
2002,3,10,7,8
2002,3,11,1,19
2002,3,12,2,23
2002,3,13,3,21
2002,3,14,4,23
2002,3,15,5,22
2002,3,16,6,11
2002,3,17,7,8
2002,3,18,1,20
2002,3,19,2,23
2002,3,20,3,23
2002,3,21,4,23
2002,3,22,5,22
2002,3,23,6,11
2002,3,24,7,7
2002,3,25,1,20
2002,3,26,2,24
2002,3,27,3,23
2002,3,28,4,22
2002,3,29,5,19
2002,3,30,6,10
2002,3,31,7,6
2002,4,1,1,16
2002,4,2,2,24
2002,4,3,3,22
2002,4,4,4,22
2002,4,5,5,21
2002,4,6,6,10
2002,4,7,7,6
2002,4,8,1,20
2002,4,9,2,23
2002,4,10,3,22
2002,4,11,4,22
2002,4,12,5,22
2002,4,13,6,10
2002,4,14,7,8
2002,4,15,1,19
2002,4,16,2,24
2002,4,17,3,23
2002,4,18,4,22
2002,4,19,5,22
2002,4,20,6,10
2002,4,21,7,7
2002,4,22,1,20
2002,4,23,2,22
2002,4,24,3,22
2002,4,25,4,22
2002,4,26,5,21
2002,4,27,6,10
2002,4,28,7,8
2002,4,29,1,19
2002,4,30,2,23
2002,5,1,3,22
2002,5,2,4,22
2002,5,3,5,21
2002,5,4,6,10
2002,5,5,7,7
2002,5,6,1,19
2002,5,7,2,23
2002,5,8,3,22
2002,5,9,4,22
2002,5,10,5,22
2002,5,11,6,10
2002,5,12,7,7
2002,5,13,1,19
2002,5,14,2,24
2002,5,15,3,23
2002,5,16,4,23
2002,5,17,5,22
2002,5,18,6,11
2002,5,19,7,7
2002,5,20,1,20
2002,5,21,2,24
2002,5,22,3,23
2002,5,23,4,24
2002,5,24,5,23
2002,5,25,6,11
2002,5,26,7,7
2002,5,27,1,8
2002,5,28,2,21
2002,5,29,3,25
2002,5,30,4,24
2002,5,31,5,23
2002,6,1,6,11
2002,6,2,7,8
2002,6,3,1,19
2002,6,4,2,23
2002,6,5,3,23
2002,6,6,4,23
2002,6,7,5,22
2002,6,8,6,11
2002,6,9,7,7
2002,6,10,1,21
2002,6,11,2,23
2002,6,12,3,23
2002,6,13,4,22
2002,6,14,5,23
2002,6,15,6,11
2002,6,16,7,8
2002,6,17,1,20
2002,6,18,2,24
2002,6,19,3,23
2002,6,20,4,24
2002,6,21,5,22
2002,6,22,6,11
2002,6,23,7,8
2002,6,24,1,21
2002,6,25,2,25
2002,6,26,3,25
2002,6,27,4,25
2002,6,28,5,24
2002,6,29,6,12
2002,6,30,7,8
2002,7,1,1,23
2002,7,2,2,28
2002,7,3,3,26
2002,7,4,4,13
2002,7,5,5,19
2002,7,6,6,11
2002,7,7,7,9
2002,7,8,1,22
2002,7,9,2,26
2002,7,10,3,25
2002,7,11,4,25
2002,7,12,5,23
2002,7,13,6,12
2002,7,14,7,9
2002,7,15,1,22
2002,7,16,2,26
2002,7,17,3,25
2002,7,18,4,25
2002,7,19,5,24
2002,7,20,6,11
2002,7,21,7,9
2002,7,22,1,22
2002,7,23,2,26
2002,7,24,3,25
2002,7,25,4,25
2002,7,26,5,24
2002,7,27,6,12
2002,7,28,7,9
2002,7,29,1,21
2002,7,30,2,26
2002,7,31,3,25
2002,8,1,4,25
2002,8,2,5,24
2002,8,3,6,12
2002,8,4,7,8
2002,8,5,1,22
2002,8,6,2,25
2002,8,7,3,24
2002,8,8,4,25
2002,8,9,5,24
2002,8,10,6,12
2002,8,11,7,9
2002,8,12,1,22
2002,8,13,2,26
2002,8,14,3,25
2002,8,15,4,26
2002,8,16,5,24
2002,8,17,6,13
2002,8,18,7,9
2002,8,19,1,22
2002,8,20,2,26
2002,8,21,3,25
2002,8,22,4,25
2002,8,23,5,24
2002,8,24,6,12
2002,8,25,7,9
2002,8,26,1,22
2002,8,27,2,26
2002,8,28,3,25
2002,8,29,4,25
2002,8,30,5,25
2002,8,31,6,12
2002,9,1,7,9
2002,9,2,1,10
2002,9,3,2,23
2002,9,4,3,27
2002,9,5,4,27
2002,9,6,5,26
2002,9,7,6,13
2002,9,8,7,9
2002,9,9,1,24
2002,9,10,2,27
2002,9,11,3,23
2002,9,12,4,28
2002,9,13,5,24
2002,9,14,6,13
2002,9,15,7,10
2002,9,16,1,23
2002,9,17,2,28
2002,9,18,3,27
2002,9,19,4,27
2002,9,20,5,26
2002,9,21,6,14
2002,9,22,7,10
2002,9,23,1,23
2002,9,24,2,28
2002,9,25,3,26
2002,9,26,4,25
2002,9,27,5,25
2002,9,28,6,13
2002,9,29,7,9
2002,9,30,1,22
2002,10,1,2,26
2002,10,2,3,26
2002,10,3,4,24
2002,10,4,5,23
2002,10,5,6,12
2002,10,6,7,8
2002,10,7,1,21
2002,10,8,2,24
2002,10,9,3,23
2002,10,10,4,23
2002,10,11,5,22
2002,10,12,6,10
2002,10,13,7,7
2002,10,14,1,20
2002,10,15,2,23
2002,10,16,3,23
2002,10,17,4,23
2002,10,18,5,22
2002,10,19,6,11
2002,10,20,7,7
2002,10,21,1,20
2002,10,22,2,25
2002,10,23,3,23
2002,10,24,4,23
2002,10,25,5,23
2002,10,26,6,10
2002,10,27,7,8
2002,10,28,1,21
2002,10,29,2,23
2002,10,30,3,22
2002,10,31,4,18
2002,11,1,5,23
2002,11,2,6,11
2002,11,3,7,8
2002,11,4,1,20
2002,11,5,2,24
2002,11,6,3,23
2002,11,7,4,23
2002,11,8,5,22
2002,11,9,6,11
2002,11,10,7,8
2002,11,11,1,20
2002,11,12,2,23
2002,11,13,3,21
2002,11,14,4,22
2002,11,15,5,22
2002,11,16,6,10
2002,11,17,7,7
2002,11,18,1,20
2002,11,19,2,23
2002,11,20,3,23
2002,11,21,4,23
2002,11,22,5,24
2002,11,23,6,11
2002,11,24,7,8
2002,11,25,1,22
2002,11,26,2,25
2002,11,27,3,20
2002,11,28,4,7
2002,11,29,5,13
2002,11,30,6,9
2002,12,1,7,7
2002,12,2,1,21
2002,12,3,2,25
2002,12,4,3,23
2002,12,5,4,23
2002,12,6,5,20
2002,12,7,6,11
2002,12,8,7,7
2002,12,9,1,20
2002,12,10,2,24
2002,12,11,3,23
2002,12,12,4,24
2002,12,13,5,20
2002,12,14,6,10
2002,12,15,7,8
2002,12,16,1,22
2002,12,17,2,25
2002,12,18,3,26
2002,12,19,4,26
2002,12,20,5,27
2002,12,21,6,12
2002,12,22,7,8
2002,12,23,1,19
2002,12,24,2,12
2002,12,25,3,5
2002,12,26,4,19
2002,12,27,5,26
2002,12,28,6,12
2002,12,29,7,9
2002,12,30,1,24
2002,12,31,2,23
2003,1,1,3,9
2003,1,2,4,18
2003,1,3,5,22
2003,1,4,6,11
2003,1,5,7,7
2003,1,6,1,19
2003,1,7,2,23
2003,1,8,3,22
2003,1,9,4,21
2003,1,10,5,23
2003,1,11,6,10
2003,1,12,7,7
2003,1,13,1,19
2003,1,14,2,24
2003,1,15,3,21
2003,1,16,4,21
2003,1,17,5,21
2003,1,18,6,10
2003,1,19,7,7
2003,1,20,1,18
2003,1,21,2,22
2003,1,22,3,21
2003,1,23,4,22
2003,1,24,5,21
2003,1,25,6,10
2003,1,26,7,7
2003,1,27,1,19
2003,1,28,2,23
2003,1,29,3,21
2003,1,30,4,22
2003,1,31,5,21
2003,2,1,6,11
2003,2,2,7,8
2003,2,3,1,19
2003,2,4,2,23
2003,2,5,3,21
2003,2,6,4,22
2003,2,7,5,22
2003,2,8,6,11
2003,2,9,7,7
2003,2,10,1,21
2003,2,11,2,24
2003,2,12,3,23
2003,2,13,4,22
2003,2,14,5,24
2003,2,15,6,12
2003,2,16,7,8
2003,2,17,1,17
2003,2,18,2,23
2003,2,19,3,23
2003,2,20,4,23
2003,2,21,5,23
2003,2,22,6,12
2003,2,23,7,8
2003,2,24,1,21
2003,2,25,2,24
2003,2,26,3,22
2003,2,27,4,23
2003,2,28,5,23
2003,3,1,6,11
2003,3,2,7,8
2003,3,3,1,23
2003,3,4,2,24
2003,3,5,3,22
2003,3,6,4,23
2003,3,7,5,23
2003,3,8,6,11
2003,3,9,7,7
2003,3,10,1,20
2003,3,11,2,24
2003,3,12,3,23
2003,3,13,4,22
2003,3,14,5,23
2003,3,15,6,11
2003,3,16,7,7
2003,3,17,1,21
2003,3,18,2,24
2003,3,19,3,23
2003,3,20,4,23
2003,3,21,5,23
2003,3,22,6,10
2003,3,23,7,7
2003,3,24,1,20
2003,3,25,2,24
2003,3,26,3,23
2003,3,27,4,23
2003,3,28,5,22
2003,3,29,6,11
2003,3,30,7,7
2003,3,31,1,19
2003,4,1,2,21
2003,4,2,3,24
2003,4,3,4,23
2003,4,4,5,23
2003,4,5,6,10
2003,4,6,7,7
2003,4,7,1,20
2003,4,8,2,24
2003,4,9,3,22
2003,4,10,4,23
2003,4,11,5,22
2003,4,12,6,11
2003,4,13,7,7
2003,4,14,1,20
2003,4,15,2,24
2003,4,16,3,24
2003,4,17,4,24
2003,4,18,5,20
2003,4,19,6,9
2003,4,20,7,6
2003,4,21,1,19
2003,4,22,2,23
2003,4,23,3,23
2003,4,24,4,23
2003,4,25,5,22
2003,4,26,6,10
2003,4,27,7,7
2003,4,28,1,20
2003,4,29,2,23
2003,4,30,3,22
2003,5,1,4,23
2003,5,2,5,23
2003,5,3,6,10
2003,5,4,7,8
2003,5,5,1,21
2003,5,6,2,24
2003,5,7,3,23
2003,5,8,4,24
2003,5,9,5,23
2003,5,10,6,11
2003,5,11,7,8
2003,5,12,1,21
2003,5,13,2,23
2003,5,14,3,23
2003,5,15,4,24
2003,5,16,5,24
2003,5,17,6,11
2003,5,18,7,8
2003,5,19,1,21
2003,5,20,2,25
2003,5,21,3,25
2003,5,22,4,25
2003,5,23,5,25
2003,5,24,6,11
2003,5,25,7,8
2003,5,26,1,9
2003,5,27,2,22
2003,5,28,3,27
2003,5,29,4,25
2003,5,30,5,25
2003,5,31,6,12
2003,6,1,7,8
2003,6,2,1,21
2003,6,3,2,24
2003,6,4,3,24
2003,6,5,4,24
2003,6,6,5,24
2003,6,7,6,11
2003,6,8,7,8
2003,6,9,1,21
2003,6,10,2,25
2003,6,11,3,24
2003,6,12,4,24
2003,6,13,5,21
2003,6,14,6,11
2003,6,15,7,8
2003,6,16,1,22
2003,6,17,2,25
2003,6,18,3,24
2003,6,19,4,24
2003,6,20,5,23
2003,6,21,6,11
2003,6,22,7,8
2003,6,23,1,22
2003,6,24,2,26
2003,6,25,3,25
2003,6,26,4,25
2003,6,27,5,24
2003,6,28,6,12
2003,6,29,7,8
2003,6,30,1,22
2003,7,1,2,27
2003,7,2,3,26
2003,7,3,4,25
2003,7,4,5,14
2003,7,5,6,10
2003,7,6,7,9
2003,7,7,1,23
2003,7,8,2,27
2003,7,9,3,26
2003,7,10,4,26
2003,7,11,5,24
2003,7,12,6,12
2003,7,13,7,9
2003,7,14,1,22
2003,7,15,2,26
2003,7,16,3,25
2003,7,17,4,26
2003,7,18,5,25
2003,7,19,6,12
2003,7,20,7,9
2003,7,21,1,22
2003,7,22,2,26
2003,7,23,3,26
2003,7,24,4,26
2003,7,25,5,24
2003,7,26,6,12
2003,7,27,7,8
2003,7,28,1,22
2003,7,29,2,26
2003,7,30,3,26
2003,7,31,4,25
2003,8,1,5,25
2003,8,2,6,12
2003,8,3,7,9
2003,8,4,1,22
2003,8,5,2,26
2003,8,6,3,25
2003,8,7,4,26
2003,8,8,5,25
2003,8,9,6,13
2003,8,10,7,9
2003,8,11,1,22
2003,8,12,2,27
2003,8,13,3,25
2003,8,14,4,25
2003,8,15,5,25
2003,8,16,6,13
2003,8,17,7,10
2003,8,18,1,22
2003,8,19,2,26
2003,8,20,3,25
2003,8,21,4,26
2003,8,22,5,25
2003,8,23,6,13
2003,8,24,7,9
2003,8,25,1,23
2003,8,26,2,27
2003,8,27,3,27
2003,8,28,4,27
2003,8,29,5,26
2003,8,30,6,13
2003,8,31,7,9
2003,9,1,1,9
2003,9,2,2,23
2003,9,3,3,28
2003,9,4,4,27
2003,9,5,5,27
2003,9,6,6,13
2003,9,7,7,10
2003,9,8,1,23
2003,9,9,2,27
2003,9,10,3,28
2003,9,11,4,25
2003,9,12,5,27
2003,9,13,6,14
2003,9,14,7,11
2003,9,15,1,24
2003,9,16,2,28
2003,9,17,3,27
2003,9,18,4,27
2003,9,19,5,26
2003,9,20,6,14
2003,9,21,7,11
2003,9,22,1,24
2003,9,23,2,28
2003,9,24,3,27
2003,9,25,4,27
2003,9,26,5,27
2003,9,27,6,13
2003,9,28,7,10
2003,9,29,1,23
2003,9,30,2,25
2003,10,1,3,25
2003,10,2,4,26
2003,10,3,5,25
2003,10,4,6,12
2003,10,5,7,8
2003,10,6,1,21
2003,10,7,2,26
2003,10,8,3,26
2003,10,9,4,25
2003,10,10,5,25
2003,10,11,6,11
2003,10,12,7,8
2003,10,13,1,19
2003,10,14,2,25
2003,10,15,3,24
2003,10,16,4,23
2003,10,17,5,23
2003,10,18,6,11
2003,10,19,7,8
2003,10,20,1,21
2003,10,21,2,25
2003,10,22,3,24
2003,10,23,4,23
2003,10,24,5,23
2003,10,25,6,11
2003,10,26,7,8
2003,10,27,1,21
2003,10,28,2,25
2003,10,29,3,24
2003,10,30,4,23
2003,10,31,5,18
2003,11,1,6,10
2003,11,2,7,8
2003,11,3,1,22
2003,11,4,2,25
2003,11,5,3,24
2003,11,6,4,23
2003,11,7,5,23
2003,11,8,6,11
2003,11,9,7,7
2003,11,10,1,21
2003,11,11,2,24
2003,11,12,3,23
2003,11,13,4,22
2003,11,14,5,22
2003,11,15,6,10
2003,11,16,7,7
2003,11,17,1,21
2003,11,18,2,25
2003,11,19,3,24
2003,11,20,4,24
2003,11,21,5,24
2003,11,22,6,11
2003,11,23,7,7
2003,11,24,1,24
2003,11,25,2,26
2003,11,26,3,21
2003,11,27,4,7
2003,11,28,5,13
2003,11,29,6,9
2003,11,30,7,7
2003,12,1,1,22
2003,12,2,2,25
2003,12,3,3,25
2003,12,4,4,23
2003,12,5,5,22
2003,12,6,6,10
2003,12,7,7,7
2003,12,8,1,20
2003,12,9,2,24
2003,12,10,3,23
2003,12,11,4,23
2003,12,12,5,22
2003,12,13,6,10
2003,12,14,7,7
2003,12,15,1,22
2003,12,16,2,26
2003,12,17,3,25
2003,12,18,4,27
2003,12,19,5,26
2003,12,20,6,12
2003,12,21,7,8
2003,12,22,1,25
2003,12,23,2,24
2003,12,24,3,13
2003,12,25,4,5
2003,12,26,5,16
2003,12,27,6,11
2003,12,28,7,8
2003,12,29,1,24
2003,12,30,2,29
2003,12,31,3,23
2004,1,1,4,10
2004,1,2,5,17
2004,1,3,6,10
2004,1,4,7,7
2004,1,5,1,19
2004,1,6,2,23
2004,1,7,3,23
2004,1,8,4,23
2004,1,9,5,22
2004,1,10,6,10
2004,1,11,7,7
2004,1,12,1,20
2004,1,13,2,23
2004,1,14,3,24
2004,1,15,4,24
2004,1,16,5,22
2004,1,17,6,10
2004,1,18,7,8
2004,1,19,1,18
2004,1,20,2,23
2004,1,21,3,23
2004,1,22,4,23
2004,1,23,5,23
2004,1,24,6,11
2004,1,25,7,8
2004,1,26,1,20
2004,1,27,2,24
2004,1,28,3,22
2004,1,29,4,22
2004,1,30,5,22
2004,1,31,6,10
2004,2,1,7,7
2004,2,2,1,20
2004,2,3,2,25
2004,2,4,3,23
2004,2,5,4,23
2004,2,6,5,22
2004,2,7,6,11
2004,2,8,7,7
2004,2,9,1,20
2004,2,10,2,24
2004,2,11,3,24
2004,2,12,4,24
2004,2,13,5,20
2004,2,14,6,12
2004,2,15,7,8
2004,2,16,1,19
2004,2,17,2,23
2004,2,18,3,24
2004,2,19,4,23
2004,2,20,5,23
2004,2,21,6,10
2004,2,22,7,8
2004,2,23,1,20
2004,2,24,2,24
2004,2,25,3,23
2004,2,26,4,23
2004,2,27,5,22
2004,2,28,6,10
2004,2,29,7,7
2004,3,1,1,21
2004,3,2,2,24
2004,3,3,3,23
2004,3,4,4,23
2004,3,5,5,22
2004,3,6,6,11
2004,3,7,7,7
2004,3,8,1,20
2004,3,9,2,24
2004,3,10,3,23
2004,3,11,4,23
2004,3,12,5,23
2004,3,13,6,10
2004,3,14,7,7
2004,3,15,1,21
2004,3,16,2,24
2004,3,17,3,24
2004,3,18,4,23
2004,3,19,5,22
2004,3,20,6,10
2004,3,21,7,8
2004,3,22,1,21
2004,3,23,2,24
2004,3,24,3,23
2004,3,25,4,24
2004,3,26,5,22
2004,3,27,6,11
2004,3,28,7,8
2004,3,29,1,20
2004,3,30,2,24
2004,3,31,3,23
2004,4,1,4,21
2004,4,2,5,23
2004,4,3,6,10
2004,4,4,7,8
2004,4,5,1,21
2004,4,6,2,24
2004,4,7,3,24
2004,4,8,4,24
2004,4,9,5,20
2004,4,10,6,9
2004,4,11,7,6
2004,4,12,1,20
2004,4,13,2,23
2004,4,14,3,23
2004,4,15,4,23
2004,4,16,5,22
2004,4,17,6,11
2004,4,18,7,7
2004,4,19,1,20
2004,4,20,2,24
2004,4,21,3,23
2004,4,22,4,24
2004,4,23,5,22
2004,4,24,6,11
2004,4,25,7,8
2004,4,26,1,21
2004,4,27,2,24
2004,4,28,3,23
2004,4,29,4,23
2004,4,30,5,22
2004,5,1,6,10
2004,5,2,7,7
2004,5,3,1,21
2004,5,4,2,23
2004,5,5,3,24
2004,5,6,4,23
2004,5,7,5,23
2004,5,8,6,11
2004,5,9,7,7
2004,5,10,1,22
2004,5,11,2,25
2004,5,12,3,24
2004,5,13,4,22
2004,5,14,5,23
2004,5,15,6,10
2004,5,16,7,8
2004,5,17,1,22
2004,5,18,2,25
2004,5,19,3,23
2004,5,20,4,24
2004,5,21,5,23
2004,5,22,6,11
2004,5,23,7,8
2004,5,24,1,22
2004,5,25,2,25
2004,5,26,3,24
2004,5,27,4,25
2004,5,28,5,24
2004,5,29,6,11
2004,5,30,7,8
2004,5,31,1,9
2004,6,1,2,22
2004,6,2,3,26
2004,6,3,4,26
2004,6,4,5,24
2004,6,5,6,11
2004,6,6,7,7
2004,6,7,1,22
2004,6,8,2,25
2004,6,9,3,23
2004,6,10,4,24
2004,6,11,5,23
2004,6,12,6,11
2004,6,13,7,8
2004,6,14,1,22
2004,6,15,2,25
2004,6,16,3,24
2004,6,17,4,24
2004,6,18,5,23
2004,6,19,6,10
2004,6,20,7,8
2004,6,21,1,21
2004,6,22,2,25
2004,6,23,3,24
2004,6,24,4,25
2004,6,25,5,24
2004,6,26,6,11
2004,6,27,7,8
2004,6,28,1,22
2004,6,29,2,26
2004,6,30,3,25
2004,7,1,4,27
2004,7,2,5,25
2004,7,3,6,12
2004,7,4,7,8
2004,7,5,1,12
2004,7,6,2,25
2004,7,7,3,28
2004,7,8,4,27
2004,7,9,5,27
2004,7,10,6,12
2004,7,11,7,9
2004,7,12,1,23
2004,7,13,2,25
2004,7,14,3,26
2004,7,15,4,26
2004,7,16,5,25
2004,7,17,6,12
2004,7,18,7,8
2004,7,19,1,22
2004,7,20,2,26
2004,7,21,3,25
2004,7,22,4,26
2004,7,23,5,24
2004,7,24,6,12
2004,7,25,7,8
2004,7,26,1,22
2004,7,27,2,25
2004,7,28,3,25
2004,7,29,4,25
2004,7,30,5,24
2004,7,31,6,12
2004,8,1,7,9
2004,8,2,1,22
2004,8,3,2,25
2004,8,4,3,25
2004,8,5,4,25
2004,8,6,5,24
2004,8,7,6,12
2004,8,8,7,8
2004,8,9,1,22
2004,8,10,2,26
2004,8,11,3,25
2004,8,12,4,25
2004,8,13,5,22
2004,8,14,6,12
2004,8,15,7,9
2004,8,16,1,22
2004,8,17,2,26
2004,8,18,3,25
2004,8,19,4,24
2004,8,20,5,25
2004,8,21,6,12
2004,8,22,7,9
2004,8,23,1,22
2004,8,24,2,26
2004,8,25,3,24
2004,8,26,4,25
2004,8,27,5,24
2004,8,28,6,12
2004,8,29,7,8
2004,8,30,1,22
2004,8,31,2,26
2004,9,1,3,25
2004,9,2,4,26
2004,9,3,5,25
2004,9,4,6,12
2004,9,5,7,9
2004,9,6,1,10
2004,9,7,2,24
2004,9,8,3,28
2004,9,9,4,29
2004,9,10,5,27
2004,9,11,6,13
2004,9,12,7,10
2004,9,13,1,23
2004,9,14,2,28
2004,9,15,3,26
2004,9,16,4,25
2004,9,17,5,26
2004,9,18,6,13
2004,9,19,7,10
2004,9,20,1,24
2004,9,21,2,27
2004,9,22,3,26
2004,9,23,4,27
2004,9,24,5,26
2004,9,25,6,12
2004,9,26,7,9
2004,9,27,1,23
2004,9,28,2,27
2004,9,29,3,25
2004,9,30,4,25
2004,10,1,5,25
2004,10,2,6,12
2004,10,3,7,8
2004,10,4,1,23
2004,10,5,2,26
2004,10,6,3,25
2004,10,7,4,25
2004,10,8,5,24
2004,10,9,6,11
2004,10,10,7,8
2004,10,11,1,20
2004,10,12,2,25
2004,10,13,3,24
2004,10,14,4,25
2004,10,15,5,24
2004,10,16,6,11
2004,10,17,7,8
2004,10,18,1,22
2004,10,19,2,25
2004,10,20,3,24
2004,10,21,4,24
2004,10,22,5,24
2004,10,23,6,11
2004,10,24,7,8
2004,10,25,1,22
2004,10,26,2,25
2004,10,27,3,25
2004,10,28,4,25
2004,10,29,5,22
2004,10,30,6,11
2004,10,31,7,8
2004,11,1,1,22
2004,11,2,2,25
2004,11,3,3,24
2004,11,4,4,24
2004,11,5,5,24
2004,11,6,6,11
2004,11,7,7,8
2004,11,8,1,22
2004,11,9,2,25
2004,11,10,3,24
2004,11,11,4,24
2004,11,12,5,23
2004,11,13,6,11
2004,11,14,7,8
2004,11,15,1,22
2004,11,16,2,26
2004,11,17,3,24
2004,11,18,4,25
2004,11,19,5,24
2004,11,20,6,11
2004,11,21,7,8
2004,11,22,1,25
2004,11,23,2,28
2004,11,24,3,22
2004,11,25,4,8
2004,11,26,5,13
2004,11,27,6,9
2004,11,28,7,8
2004,11,29,1,22
2004,11,30,2,27
2004,12,1,3,25
2004,12,2,4,24
2004,12,3,5,23
2004,12,4,6,11
2004,12,5,7,8
2004,12,6,1,21
2004,12,7,2,25
2004,12,8,3,25
2004,12,9,4,24
2004,12,10,5,23
2004,12,11,6,11
2004,12,12,7,8
2004,12,13,1,20
2004,12,14,2,25
2004,12,15,3,25
2004,12,16,4,25
2004,12,17,5,24
2004,12,18,6,11
2004,12,19,7,8
2004,12,20,1,26
2004,12,21,2,28
2004,12,22,3,24
2004,12,23,4,18
2004,12,24,5,8
2004,12,25,6,4
2004,12,26,7,6
2004,12,27,1,22
2004,12,28,2,27
2004,12,29,3,26
2004,12,30,4,25
2004,12,31,5,15
2005,1,1,6,7
2005,1,2,7,6
2005,1,3,1,18
2005,1,4,2,23
2005,1,5,3,23
2005,1,6,4,23
2005,1,7,5,23
2005,1,8,6,10
2005,1,9,7,7
2005,1,10,1,20
2005,1,11,2,24
2005,1,12,3,24
2005,1,13,4,22
2005,1,14,5,23
2005,1,15,6,11
2005,1,16,7,7
2005,1,17,1,18
2005,1,18,2,23
2005,1,19,3,23
2005,1,20,4,24
2005,1,21,5,23
2005,1,22,6,10
2005,1,23,7,7
2005,1,24,1,20
2005,1,25,2,25
2005,1,26,3,23
2005,1,27,4,23
2005,1,28,5,23
2005,1,29,6,10
2005,1,30,7,7
2005,1,31,1,20
2005,2,1,2,25
2005,2,2,3,24
2005,2,3,4,23
2005,2,4,5,23
2005,2,5,6,11
2005,2,6,7,7
2005,2,7,1,21
2005,2,8,2,24
2005,2,9,3,22
2005,2,10,4,24
2005,2,11,5,23
2005,2,12,6,10
2005,2,13,7,7
2005,2,14,1,22
2005,2,15,2,25
2005,2,16,3,24
2005,2,17,4,23
2005,2,18,5,23
2005,2,19,6,10
2005,2,20,7,7
2005,2,21,1,18
2005,2,22,2,23
2005,2,23,3,23
2005,2,24,4,23
2005,2,25,5,22
2005,2,26,6,10
2005,2,27,7,7
2005,2,28,1,20
2005,3,1,2,24
2005,3,2,3,23
2005,3,3,4,24
2005,3,4,5,23
2005,3,5,6,10
2005,3,6,7,7
2005,3,7,1,20
2005,3,8,2,24
2005,3,9,3,23
2005,3,10,4,24
2005,3,11,5,23
2005,3,12,6,11
2005,3,13,7,7
2005,3,14,1,21
2005,3,15,2,24
2005,3,16,3,23
2005,3,17,4,24
2005,3,18,5,23
2005,3,19,6,11
2005,3,20,7,7
2005,3,21,1,21
2005,3,22,2,25
2005,3,23,3,24
2005,3,24,4,24
2005,3,25,5,21
2005,3,26,6,9
2005,3,27,7,6
2005,3,28,1,20
2005,3,29,2,24
2005,3,30,3,24
2005,3,31,4,24
2005,4,1,5,20
2005,4,2,6,11
2005,4,3,7,6
2005,4,4,1,22
2005,4,5,2,25
2005,4,6,3,25
2005,4,7,4,24
2005,4,8,5,23
2005,4,9,6,10
2005,4,10,7,7
2005,4,11,1,21
2005,4,12,2,24
2005,4,13,3,22
2005,4,14,4,24
2005,4,15,5,24
2005,4,16,6,10
2005,4,17,7,7
2005,4,18,1,21
2005,4,19,2,25
2005,4,20,3,24
2005,4,21,4,24
2005,4,22,5,23
2005,4,23,6,10
2005,4,24,7,7
2005,4,25,1,21
2005,4,26,2,24
2005,4,27,3,24
2005,4,28,4,23
2005,4,29,5,22
2005,4,30,6,10
2005,5,1,7,7
2005,5,2,1,21
2005,5,3,2,24
2005,5,4,3,24
2005,5,5,4,28
2005,5,6,5,22
2005,5,7,6,10
2005,5,8,7,7
2005,5,9,1,21
2005,5,10,2,25
2005,5,11,3,23
2005,5,12,4,25
2005,5,13,5,20
2005,5,14,6,11
2005,5,15,7,8
2005,5,16,1,22
2005,5,17,2,26
2005,5,18,3,25
2005,5,19,4,24
2005,5,20,5,24
2005,5,21,6,10
2005,5,22,7,7
2005,5,23,1,22
2005,5,24,2,26
2005,5,25,3,26
2005,5,26,4,26
2005,5,27,5,25
2005,5,28,6,11
2005,5,29,7,7
2005,5,30,1,9
2005,5,31,2,23
2005,6,1,3,27
2005,6,2,4,26
2005,6,3,5,25
2005,6,4,6,11
2005,6,5,7,8
2005,6,6,1,22
2005,6,7,2,25
2005,6,8,3,24
2005,6,9,4,25
2005,6,10,5,25
2005,6,11,6,11
2005,6,12,7,7
2005,6,13,1,21
2005,6,14,2,26
2005,6,15,3,25
2005,6,16,4,24
2005,6,17,5,23
2005,6,18,6,11
2005,6,19,7,8
2005,6,20,1,22
2005,6,21,2,25
2005,6,22,3,25
2005,6,23,4,25
2005,6,24,5,24
2005,6,25,6,11
2005,6,26,7,8
2005,6,27,1,22
2005,6,28,2,26
2005,6,29,3,27
2005,6,30,4,27
2005,7,1,5,26
2005,7,2,6,12
2005,7,3,7,8
2005,7,4,1,8
2005,7,5,2,24
2005,7,6,3,29
2005,7,7,4,29
2005,7,8,5,27
2005,7,9,6,13
2005,7,10,7,8
2005,7,11,1,23
2005,7,12,2,27
2005,7,13,3,25
2005,7,14,4,27
2005,7,15,5,26
2005,7,16,6,12
2005,7,17,7,8
2005,7,18,1,23
2005,7,19,2,26
2005,7,20,3,26
2005,7,21,4,27
2005,7,22,5,25
2005,7,23,6,12
2005,7,24,7,8
2005,7,25,1,23
2005,7,26,2,26
2005,7,27,3,26
2005,7,28,4,26
2005,7,29,5,25
2005,7,30,6,12
2005,7,31,7,8
2005,8,1,1,22
2005,8,2,2,26
2005,8,3,3,25
2005,8,4,4,26
2005,8,5,5,25
2005,8,6,6,11
2005,8,7,7,8
2005,8,8,1,23
2005,8,9,2,27
2005,8,10,3,26
2005,8,11,4,27
2005,8,12,5,26
2005,8,13,6,12
2005,8,14,7,9
2005,8,15,1,23
2005,8,16,2,27
2005,8,17,3,26
2005,8,18,4,27
2005,8,19,5,25
2005,8,20,6,12
2005,8,21,7,8
2005,8,22,1,22
2005,8,23,2,26
2005,8,24,3,26
2005,8,25,4,26
2005,8,26,5,25
2005,8,27,6,12
2005,8,28,7,8
2005,8,29,1,23
2005,8,30,2,27
2005,8,31,3,27
2005,9,1,4,27
2005,9,2,5,27
2005,9,3,6,12
2005,9,4,7,9
2005,9,5,1,9
2005,9,6,2,24
2005,9,7,3,29
2005,9,8,4,29
2005,9,9,5,29
2005,9,10,6,14
2005,9,11,7,9
2005,9,12,1,25
2005,9,13,2,27
2005,9,14,3,27
2005,9,15,4,28
2005,9,16,5,28
2005,9,17,6,13
2005,9,18,7,10
2005,9,19,1,25
2005,9,20,2,29
2005,9,21,3,28
2005,9,22,4,27
2005,9,23,5,26
2005,9,24,6,13
2005,9,25,7,9
2005,9,26,1,24
2005,9,27,2,27
2005,9,28,3,26
2005,9,29,4,26
2005,9,30,5,25
2005,10,1,6,11
2005,10,2,7,9
2005,10,3,1,23
2005,10,4,2,25
2005,10,5,3,25
2005,10,6,4,26
2005,10,7,5,24
2005,10,8,6,12
2005,10,9,7,8
2005,10,10,1,22
2005,10,11,2,25
2005,10,12,3,25
2005,10,13,4,24
2005,10,14,5,24
2005,10,15,6,11
2005,10,16,7,7
2005,10,17,1,22
2005,10,18,2,25
2005,10,19,3,24
2005,10,20,4,25
2005,10,21,5,23
2005,10,22,6,11
2005,10,23,7,7
2005,10,24,1,21
2005,10,25,2,25
2005,10,26,3,23
2005,10,27,4,25
2005,10,28,5,23
2005,10,29,6,11
2005,10,30,7,7
2005,10,31,1,16
2005,11,1,2,26
2005,11,2,3,25
2005,11,3,4,25
2005,11,4,5,24
2005,11,5,6,11
2005,11,6,7,8
2005,11,7,1,22
2005,11,8,2,26
2005,11,9,3,25
2005,11,10,4,25
2005,11,11,5,23
2005,11,12,6,10
2005,11,13,7,7
2005,11,14,1,21
2005,11,15,2,26
2005,11,16,3,24
2005,11,17,4,25
2005,11,18,5,24
2005,11,19,6,10
2005,11,20,7,8
2005,11,21,1,25
2005,11,22,2,28
2005,11,23,3,22
2005,11,24,4,7
2005,11,25,5,12
2005,11,26,6,9
2005,11,27,7,7
2005,11,28,1,23
2005,11,29,2,26
2005,11,30,3,25
2005,12,1,4,25
2005,12,2,5,23
2005,12,3,6,10
2005,12,4,7,7
2005,12,5,1,21
2005,12,6,2,25
2005,12,7,3,24
2005,12,8,4,24
2005,12,9,5,22
2005,12,10,6,10
2005,12,11,7,7
2005,12,12,1,22
2005,12,13,2,25
2005,12,14,3,26
2005,12,15,4,26
2005,12,16,5,25
2005,12,17,6,11
2005,12,18,7,8
2005,12,19,1,25
2005,12,20,2,29
2005,12,21,3,27
2005,12,22,4,24
2005,12,23,5,17
2005,12,24,6,7
2005,12,25,7,4
2005,12,26,1,11
2005,12,27,2,24
2005,12,28,3,28
2005,12,29,4,27
2005,12,30,5,25
2005,12,31,6,11
2006,1,1,7,6
2006,1,2,1,10
2006,1,3,2,21
2006,1,4,3,24
2006,1,5,4,24
2006,1,6,5,24
2006,1,7,6,11
2006,1,8,7,7
2006,1,9,1,20
2006,1,10,2,24
2006,1,11,3,24
2006,1,12,4,25
2006,1,13,5,21
2006,1,14,6,11
2006,1,15,7,7
2006,1,16,1,19
2006,1,17,2,24
2006,1,18,3,24
2006,1,19,4,24
2006,1,20,5,24
2006,1,21,6,10
2006,1,22,7,7
2006,1,23,1,21
2006,1,24,2,24
2006,1,25,3,24
2006,1,26,4,24
2006,1,27,5,24
2006,1,28,6,10
2006,1,29,7,8
2006,1,30,1,21
2006,1,31,2,24
2006,2,1,3,24
2006,2,2,4,25
2006,2,3,5,24
2006,2,4,6,11
2006,2,5,7,8
2006,2,6,1,22
2006,2,7,2,26
2006,2,8,3,24
2006,2,9,4,25
2006,2,10,5,25
2006,2,11,6,11
2006,2,12,7,7
2006,2,13,1,21
2006,2,14,2,27
2006,2,15,3,25
2006,2,16,4,25
2006,2,17,5,25
2006,2,18,6,11
2006,2,19,7,8
2006,2,20,1,19
2006,2,21,2,25
2006,2,22,3,25
2006,2,23,4,25
2006,2,24,5,23
2006,2,25,6,11
2006,2,26,7,7
2006,2,27,1,21
2006,2,28,2,25
2006,3,1,3,25
2006,3,2,4,25
2006,3,3,5,25
2006,3,4,6,11
2006,3,5,7,7
2006,3,6,1,22
2006,3,7,2,25
2006,3,8,3,25
2006,3,9,4,25
2006,3,10,5,24
2006,3,11,6,11
2006,3,12,7,8
2006,3,13,1,20
2006,3,14,2,25
2006,3,15,3,25
2006,3,16,4,24
2006,3,17,5,24
2006,3,18,6,11
2006,3,19,7,7
2006,3,20,1,22
2006,3,21,2,25
2006,3,22,3,24
2006,3,23,4,24
2006,3,24,5,24
2006,3,25,6,10
2006,3,26,7,7
2006,3,27,1,21
2006,3,28,2,25
2006,3,29,3,24
2006,3,30,4,24
2006,3,31,5,22
2006,4,1,6,10
2006,4,2,7,7
2006,4,3,1,22
2006,4,4,2,25
2006,4,5,3,25
2006,4,6,4,24
2006,4,7,5,24
2006,4,8,6,10
2006,4,9,7,7
2006,4,10,1,22
2006,4,11,2,26
2006,4,12,3,24
2006,4,13,4,24
2006,4,14,5,21
2006,4,15,6,10
2006,4,16,7,6
2006,4,17,1,21
2006,4,18,2,25
2006,4,19,3,24
2006,4,20,4,24
2006,4,21,5,23
2006,4,22,6,10
2006,4,23,7,6
2006,4,24,1,21
2006,4,25,2,25
2006,4,26,3,24
2006,4,27,4,24
2006,4,28,5,23
2006,4,29,6,10
2006,4,30,7,6
2006,5,1,1,22
2006,5,2,2,25
2006,5,3,3,24
2006,5,4,4,24
2006,5,5,5,24
2006,5,6,6,10
2006,5,7,7,7
2006,5,8,1,22
2006,5,9,2,24
2006,5,10,3,24
2006,5,11,4,24
2006,5,12,5,23
2006,5,13,6,10
2006,5,14,7,7
2006,5,15,1,22
2006,5,16,2,26
2006,5,17,3,25
2006,5,18,4,25
2006,5,19,5,23
2006,5,20,6,11
2006,5,21,7,7
2006,5,22,1,23
2006,5,23,2,26
2006,5,24,3,26
2006,5,25,4,27
2006,5,26,5,25
2006,5,27,6,12
2006,5,28,7,8
2006,5,29,1,9
2006,5,30,2,24
2006,5,31,3,28
2006,6,1,4,28
2006,6,2,5,26
2006,6,3,6,12
2006,6,4,7,9
2006,6,5,1,24
2006,6,6,2,20
2006,6,7,3,26
2006,6,8,4,27
2006,6,9,5,25
2006,6,10,6,11
2006,6,11,7,8
2006,6,12,1,23
2006,6,13,2,25
2006,6,14,3,26
2006,6,15,4,26
2006,6,16,5,25
2006,6,17,6,12
2006,6,18,7,9
2006,6,19,1,24
2006,6,20,2,27
2006,6,21,3,26
2006,6,22,4,26
2006,6,23,5,24
2006,6,24,6,11
2006,6,25,7,8
2006,6,26,1,23
2006,6,27,2,27
2006,6,28,3,28
2006,6,29,4,28
2006,6,30,5,27
2006,7,1,6,13
2006,7,2,7,8
2006,7,3,1,21
2006,7,4,2,12
2006,7,5,3,24
2006,7,6,4,30
2006,7,7,5,29
2006,7,8,6,14
2006,7,9,7,9
2006,7,10,1,25
2006,7,11,2,28
2006,7,12,3,27
2006,7,13,4,27
2006,7,14,5,28
2006,7,15,6,13
2006,7,16,7,9
2006,7,17,1,25
2006,7,18,2,28
2006,7,19,3,27
2006,7,20,4,28
2006,7,21,5,28
2006,7,22,6,13
2006,7,23,7,9
2006,7,24,1,24
2006,7,25,2,28
2006,7,26,3,27
2006,7,27,4,28
2006,7,28,5,27
2006,7,29,6,13
2006,7,30,7,9
2006,7,31,1,23
2006,8,1,2,29
2006,8,2,3,27
2006,8,3,4,27
2006,8,4,5,27
2006,8,5,6,13
2006,8,6,7,9
2006,8,7,1,24
2006,8,8,2,29
2006,8,9,3,28
2006,8,10,4,28
2006,8,11,5,27
2006,8,12,6,13
2006,8,13,7,9
2006,8,14,1,25
2006,8,15,2,29
2006,8,16,3,28
2006,8,17,4,28
2006,8,18,5,27
2006,8,19,6,14
2006,8,20,7,10
2006,8,21,1,25
2006,8,22,2,28
2006,8,23,3,28
2006,8,24,4,27
2006,8,25,5,27
2006,8,26,6,13
2006,8,27,7,9
2006,8,28,1,25
2006,8,29,2,29
2006,8,30,3,28
2006,8,31,4,28
2006,9,1,5,28
2006,9,2,6,13
2006,9,3,7,9
2006,9,4,1,10
2006,9,5,2,26
2006,9,6,3,31
2006,9,7,4,31
2006,9,8,5,30
2006,9,9,6,14
2006,9,10,7,10
2006,9,11,1,24
2006,9,12,2,30
2006,9,13,3,29
2006,9,14,4,30
2006,9,15,5,29
2006,9,16,6,14
2006,9,17,7,11
2006,9,18,1,27
2006,9,19,2,31
2006,9,20,3,30
2006,9,21,4,30
2006,9,22,5,29
2006,9,23,6,14
2006,9,24,7,10
2006,9,25,1,26
2006,9,26,2,30
2006,9,27,3,28
2006,9,28,4,28
2006,9,29,5,26
2006,9,30,6,12
2006,10,1,7,10
2006,10,2,1,24
2006,10,3,2,29
2006,10,4,3,28
2006,10,5,4,28
2006,10,6,5,26
2006,10,7,6,12
2006,10,8,7,9
2006,10,9,1,23
2006,10,10,2,28
2006,10,11,3,27
2006,10,12,4,27
2006,10,13,5,23
2006,10,14,6,11
2006,10,15,7,8
2006,10,16,1,24
2006,10,17,2,28
2006,10,18,3,27
2006,10,19,4,26
2006,10,20,5,25
2006,10,21,6,11
2006,10,22,7,8
2006,10,23,1,24
2006,10,24,2,27
2006,10,25,3,26
2006,10,26,4,27
2006,10,27,5,25
2006,10,28,6,11
2006,10,29,7,9
2006,10,30,1,22
2006,10,31,2,21
2006,11,1,3,27
2006,11,2,4,27
2006,11,3,5,26
2006,11,4,6,11
2006,11,5,7,9
2006,11,6,1,24
2006,11,7,2,26
2006,11,8,3,26
2006,11,9,4,26
2006,11,10,5,26
2006,11,11,6,11
2006,11,12,7,8
2006,11,13,1,23
2006,11,14,2,28
2006,11,15,3,27
2006,11,16,4,27
2006,11,17,5,27
2006,11,18,6,12
2006,11,19,7,8
2006,11,20,1,27
2006,11,21,2,30
2006,11,22,3,25
2006,11,23,4,8
2006,11,24,5,14
2006,11,25,6,10
2006,11,26,7,8
2006,11,27,1,24
2006,11,28,2,29
2006,11,29,3,27
2006,11,30,4,25
2006,12,1,5,25
2006,12,2,6,11
2006,12,3,7,8
2006,12,4,1,22
2006,12,5,2,27
2006,12,6,3,27
2006,12,7,4,26
2006,12,8,5,24
2006,12,9,6,11
2006,12,10,7,8
2006,12,11,1,23
2006,12,12,2,28
2006,12,13,3,26
2006,12,14,4,27
2006,12,15,5,25
2006,12,16,6,12
2006,12,17,7,8
2006,12,18,1,26
2006,12,19,2,30
2006,12,20,3,30
2006,12,21,4,28
2006,12,22,5,24
2006,12,23,6,10
2006,12,24,7,5
2006,12,25,1,4
2006,12,26,2,18
2006,12,27,3,29
2006,12,28,4,30
2006,12,29,5,28
2006,12,30,6,13
2006,12,31,7,8
2007,1,1,1,7
2007,1,2,2,20
2007,1,3,3,26
2007,1,4,4,26
2007,1,5,5,27
2007,1,6,6,12
2007,1,7,7,8
2007,1,8,1,22
2007,1,9,2,25
2007,1,10,3,25
2007,1,11,4,26
2007,1,12,5,25
2007,1,13,6,11
2007,1,14,7,8
2007,1,15,1,20
2007,1,16,2,23
2007,1,17,3,25
2007,1,18,4,25
2007,1,19,5,24
2007,1,20,6,11
2007,1,21,7,8
2007,1,22,1,22
2007,1,23,2,25
2007,1,24,3,25
2007,1,25,4,25
2007,1,26,5,24
2007,1,27,6,11
2007,1,28,7,8
2007,1,29,1,22
2007,1,30,2,25
2007,1,31,3,25
2007,2,1,4,26
2007,2,2,5,25
2007,2,3,6,11
2007,2,4,7,8
2007,2,5,1,22
2007,2,6,2,25
2007,2,7,3,25
2007,2,8,4,25
2007,2,9,5,25
2007,2,10,6,11
2007,2,11,7,8
2007,2,12,1,23
2007,2,13,2,25
2007,2,14,3,26
2007,2,15,4,26
2007,2,16,5,26
2007,2,17,6,12
2007,2,18,7,8
2007,2,19,1,20
2007,2,20,2,25
2007,2,21,3,25
2007,2,22,4,26
2007,2,23,5,25
2007,2,24,6,11
2007,2,25,7,8
2007,2,26,1,23
2007,2,27,2,26
2007,2,28,3,25
2007,3,1,4,26
2007,3,2,5,25
2007,3,3,6,11
2007,3,4,7,8
2007,3,5,1,22
2007,3,6,2,26
2007,3,7,3,26
2007,3,8,4,26
2007,3,9,5,26
2007,3,10,6,11
2007,3,11,7,7
2007,3,12,1,23
2007,3,13,2,24
2007,3,14,3,25
2007,3,15,4,25
2007,3,16,5,25
2007,3,17,6,11
2007,3,18,7,8
2007,3,19,1,22
2007,3,20,2,27
2007,3,21,3,26
2007,3,22,4,25
2007,3,23,5,25
2007,3,24,6,11
2007,3,25,7,8
2007,3,26,1,22
2007,3,27,2,26
2007,3,28,3,25
2007,3,29,4,25
2007,3,30,5,24
2007,3,31,6,10
2007,4,1,7,7
2007,4,2,1,22
2007,4,3,2,26
2007,4,4,3,26
2007,4,5,4,25
2007,4,6,5,22
2007,4,7,6,10
2007,4,8,7,6
2007,4,9,1,21
2007,4,10,2,26
2007,4,11,3,25
2007,4,12,4,26
2007,4,13,5,22
2007,4,14,6,10
2007,4,15,7,7
2007,4,16,1,23
2007,4,17,2,26
2007,4,18,3,25
2007,4,19,4,25
2007,4,20,5,24
2007,4,21,6,10
2007,4,22,7,8
2007,4,23,1,22
2007,4,24,2,26
2007,4,25,3,25
2007,4,26,4,24
2007,4,27,5,23
2007,4,28,6,10
2007,4,29,7,7
2007,4,30,1,22
2007,5,1,2,27
2007,5,2,3,25
2007,5,3,4,24
2007,5,4,5,23
2007,5,5,6,10
2007,5,6,7,7
2007,5,7,1,22
2007,5,8,2,25
2007,5,9,3,24
2007,5,10,4,26
2007,5,11,5,24
2007,5,12,6,10
2007,5,13,7,7
2007,5,14,1,23
2007,5,15,2,27
2007,5,16,3,26
2007,5,17,4,25
2007,5,18,5,23
2007,5,19,6,11
2007,5,20,7,8
2007,5,21,1,23
2007,5,22,2,27
2007,5,23,3,27
2007,5,24,4,27
2007,5,25,5,26
2007,5,26,6,11
2007,5,27,7,8
2007,5,28,1,9
2007,5,29,2,25
2007,5,30,3,29
2007,5,31,4,28
2007,6,1,5,26
2007,6,2,6,12
2007,6,3,7,8
2007,6,4,1,23
2007,6,5,2,27
2007,6,6,3,26
2007,6,7,4,26
2007,6,8,5,26
2007,6,9,6,11
2007,6,10,7,8
2007,6,11,1,23
2007,6,12,2,27
2007,6,13,3,26
2007,6,14,4,27
2007,6,15,5,26
2007,6,16,6,12
2007,6,17,7,9
2007,6,18,1,25
2007,6,19,2,27
2007,6,20,3,27
2007,6,21,4,27
2007,6,22,5,26
2007,6,23,6,12
2007,6,24,7,8
2007,6,25,1,24
2007,6,26,2,28
2007,6,27,3,28
2007,6,28,4,28
2007,6,29,5,27
2007,6,30,6,12
2007,7,1,7,9
2007,7,2,1,26
2007,7,3,2,29
2007,7,4,3,14
2007,7,5,4,25
2007,7,6,5,27
2007,7,7,6,16
2007,7,8,7,10
2007,7,9,1,25
2007,7,10,2,30
2007,7,11,3,29
2007,7,12,4,27
2007,7,13,5,25
2007,7,14,6,13
2007,7,15,7,9
2007,7,16,1,25
2007,7,17,2,29
2007,7,18,3,28
2007,7,19,4,28
2007,7,20,5,27
2007,7,21,6,13
2007,7,22,7,9
2007,7,23,1,25
2007,7,24,2,29
2007,7,25,3,29
2007,7,26,4,28
2007,7,27,5,28
2007,7,28,6,13
2007,7,29,7,9
2007,7,30,1,25
2007,7,31,2,28
2007,8,1,3,29
2007,8,2,4,28
2007,8,3,5,27
2007,8,4,6,12
2007,8,5,7,9
2007,8,6,1,25
2007,8,7,2,29
2007,8,8,3,28
2007,8,9,4,28
2007,8,10,5,27
2007,8,11,6,13
2007,8,12,7,9
2007,8,13,1,25
2007,8,14,2,29
2007,8,15,3,29
2007,8,16,4,29
2007,8,17,5,27
2007,8,18,6,13
2007,8,19,7,9
2007,8,20,1,25
2007,8,21,2,29
2007,8,22,3,28
2007,8,23,4,28
2007,8,24,5,27
2007,8,25,6,13
2007,8,26,7,9
2007,8,27,1,25
2007,8,28,2,30
2007,8,29,3,29
2007,8,30,4,29
2007,8,31,5,27
2007,9,1,6,13
2007,9,2,7,9
2007,9,3,1,10
2007,9,4,2,26
2007,9,5,3,31
2007,9,6,4,30
2007,9,7,5,29
2007,9,8,6,14
2007,9,9,7,10
2007,9,10,1,27
2007,9,11,2,27
2007,9,12,3,30
2007,9,13,4,29
2007,9,14,5,29
2007,9,15,6,14
2007,9,16,7,10
2007,9,17,1,26
2007,9,18,2,31
2007,9,19,3,29
2007,9,20,4,30
2007,9,21,5,28
2007,9,22,6,14
2007,9,23,7,11
2007,9,24,1,26
2007,9,25,2,29
2007,9,26,3,28
2007,9,27,4,29
2007,9,28,5,27
2007,9,29,6,13
2007,9,30,7,9
2007,10,1,1,25
2007,10,2,2,28
2007,10,3,3,27
2007,10,4,4,26
2007,10,5,5,26
2007,10,6,6,12
2007,10,7,7,9
2007,10,8,1,23
2007,10,9,2,27
2007,10,10,3,27
2007,10,11,4,26
2007,10,12,5,25
2007,10,13,6,11
2007,10,14,7,8
2007,10,15,1,24
2007,10,16,2,27
2007,10,17,3,26
2007,10,18,4,26
2007,10,19,5,25
2007,10,20,6,11
2007,10,21,7,8
2007,10,22,1,23
2007,10,23,2,26
2007,10,24,3,26
2007,10,25,4,27
2007,10,26,5,25
2007,10,27,6,11
2007,10,28,7,8
2007,10,29,1,23
2007,10,30,2,25
2007,10,31,3,20
2007,11,1,4,27
2007,11,2,5,26
2007,11,3,6,12
2007,11,4,7,9
2007,11,5,1,24
2007,11,6,2,27
2007,11,7,3,27
2007,11,8,4,26
2007,11,9,5,26
2007,11,10,6,11
2007,11,11,7,9
2007,11,12,1,23
2007,11,13,2,26
2007,11,14,3,27
2007,11,15,4,28
2007,11,16,5,27
2007,11,17,6,12
2007,11,18,7,9
2007,11,19,1,27
2007,11,20,2,29
2007,11,21,3,25
2007,11,22,4,8
2007,11,23,5,14
2007,11,24,6,10
2007,11,25,7,8
2007,11,26,1,25
2007,11,27,2,29
2007,11,28,3,27
2007,11,29,4,26
2007,11,30,5,24
2007,12,1,6,11
2007,12,2,7,8
2007,12,3,1,23
2007,12,4,2,27
2007,12,5,3,26
2007,12,6,4,26
2007,12,7,5,25
2007,12,8,6,11
2007,12,9,7,8
2007,12,10,1,23
2007,12,11,2,27
2007,12,12,3,27
2007,12,13,4,25
2007,12,14,5,25
2007,12,15,6,11
2007,12,16,7,8
2007,12,17,1,25
2007,12,18,2,30
2007,12,19,3,30
2007,12,20,4,31
2007,12,21,5,29
2007,12,22,6,13
2007,12,23,7,7
2007,12,24,1,8
2007,12,25,2,5
2007,12,26,3,22
2007,12,27,4,32
2007,12,28,5,32
2007,12,29,6,15
2007,12,30,7,10
2007,12,31,1,18
2008,1,1,2,9
2008,1,2,3,20
2008,1,3,4,26
2008,1,4,5,26
2008,1,5,6,12
2008,1,6,7,8
2008,1,7,1,22
2008,1,8,2,25
2008,1,9,3,24
2008,1,10,4,26
2008,1,11,5,25
2008,1,12,6,11
2008,1,13,7,7
2008,1,14,1,23
2008,1,15,2,25
2008,1,16,3,25
2008,1,17,4,25
2008,1,18,5,25
2008,1,19,6,10
2008,1,20,7,7
2008,1,21,1,21
2008,1,22,2,25
2008,1,23,3,25
2008,1,24,4,25
2008,1,25,5,25
2008,1,26,6,11
2008,1,27,7,8
2008,1,28,1,23
2008,1,29,2,25
2008,1,30,3,25
2008,1,31,4,25
2008,2,1,5,25
2008,2,2,6,11
2008,2,3,7,8
2008,2,4,1,23
2008,2,5,2,25
2008,2,6,3,25
2008,2,7,4,26
2008,2,8,5,26
2008,2,9,6,12
2008,2,10,7,8
2008,2,11,1,23
2008,2,12,2,27
2008,2,13,3,24
2008,2,14,4,28
2008,2,15,5,26
2008,2,16,6,11
2008,2,17,7,8
2008,2,18,1,21
2008,2,19,2,26
2008,2,20,3,25
2008,2,21,4,26
2008,2,22,5,25
2008,2,23,6,12
2008,2,24,7,8
2008,2,25,1,23
2008,2,26,2,26
2008,2,27,3,25
2008,2,28,4,26
2008,2,29,5,20
2008,3,1,6,11
2008,3,2,7,8
2008,3,3,1,23
2008,3,4,2,26
2008,3,5,3,24
2008,3,6,4,25
2008,3,7,5,24
2008,3,8,6,10
2008,3,9,7,7
2008,3,10,1,23
2008,3,11,2,26
2008,3,12,3,25
2008,3,13,4,24
2008,3,14,5,25
2008,3,15,6,11
2008,3,16,7,8
2008,3,17,1,24
2008,3,18,2,26
2008,3,19,3,25
2008,3,20,4,26
2008,3,21,5,23
2008,3,22,6,10
2008,3,23,7,7
2008,3,24,1,22
2008,3,25,2,26
2008,3,26,3,24
2008,3,27,4,25
2008,3,28,5,24
2008,3,29,6,11
2008,3,30,7,7
2008,3,31,1,22
2008,4,1,2,23
2008,4,2,3,25
2008,4,3,4,25
2008,4,4,5,25
2008,4,5,6,11
2008,4,6,7,8
2008,4,7,1,22
2008,4,8,2,26
2008,4,9,3,24
2008,4,10,4,25
2008,4,11,5,24
2008,4,12,6,11
2008,4,13,7,7
2008,4,14,1,22
2008,4,15,2,25
2008,4,16,3,24
2008,4,17,4,24
2008,4,18,5,24
2008,4,19,6,11
2008,4,20,7,8
2008,4,21,1,22
2008,4,22,2,25
2008,4,23,3,25
2008,4,24,4,25
2008,4,25,5,24
2008,4,26,6,10
2008,4,27,7,7
2008,4,28,1,22
2008,4,29,2,25
2008,4,30,3,25
2008,5,1,4,26
2008,5,2,5,24
2008,5,3,6,10
2008,5,4,7,6
2008,5,5,1,22
2008,5,6,2,25
2008,5,7,3,24
2008,5,8,4,25
2008,5,9,5,24
2008,5,10,6,11
2008,5,11,7,7
2008,5,12,1,23
2008,5,13,2,25
2008,5,14,3,25
2008,5,15,4,26
2008,5,16,5,24
2008,5,17,6,10
2008,5,18,7,8
2008,5,19,1,23
2008,5,20,2,27
2008,5,21,3,27
2008,5,22,4,26
2008,5,23,5,25
2008,5,24,6,11
2008,5,25,7,7
2008,5,26,1,9
2008,5,27,2,25
2008,5,28,3,28
2008,5,29,4,26
2008,5,30,5,26
2008,5,31,6,12
2008,6,1,7,8
2008,6,2,1,23
2008,6,3,2,25
2008,6,4,3,26
2008,6,5,4,25
2008,6,6,5,24
2008,6,7,6,11
2008,6,8,7,8
2008,6,9,1,22
2008,6,10,2,26
2008,6,11,3,26
2008,6,12,4,26
2008,6,13,5,22
2008,6,14,6,11
2008,6,15,7,8
2008,6,16,1,23
2008,6,17,2,26
2008,6,18,3,26
2008,6,19,4,25
2008,6,20,5,25
2008,6,21,6,12
2008,6,22,7,8
2008,6,23,1,23
2008,6,24,2,27
2008,6,25,3,26
2008,6,26,4,26
2008,6,27,5,25
2008,6,28,6,12
2008,6,29,7,9
2008,6,30,1,24
2008,7,1,2,28
2008,7,2,3,28
2008,7,3,4,28
2008,7,4,5,13
2008,7,5,6,9
2008,7,6,7,8
2008,7,7,1,25
2008,7,8,2,29
2008,7,9,3,27
2008,7,10,4,27
2008,7,11,5,26
2008,7,12,6,12
2008,7,13,7,9
2008,7,14,1,24
2008,7,15,2,28
2008,7,16,3,27
2008,7,17,4,27
2008,7,18,5,26
2008,7,19,6,12
2008,7,20,7,9
2008,7,21,1,24
2008,7,22,2,28
2008,7,23,3,27
2008,7,24,4,26
2008,7,25,5,25
2008,7,26,6,12
2008,7,27,7,9
2008,7,28,1,24
2008,7,29,2,28
2008,7,30,3,27
2008,7,31,4,27
2008,8,1,5,26
2008,8,2,6,12
2008,8,3,7,9
2008,8,4,1,24
2008,8,5,2,27
2008,8,6,3,26
2008,8,7,4,27
2008,8,8,5,31
2008,8,9,6,13
2008,8,10,7,9
2008,8,11,1,25
2008,8,12,2,28
2008,8,13,3,27
2008,8,14,4,28
2008,8,15,5,27
2008,8,16,6,13
2008,8,17,7,9
2008,8,18,1,25
2008,8,19,2,28
2008,8,20,3,27
2008,8,21,4,27
2008,8,22,5,27
2008,8,23,6,12
2008,8,24,7,9
2008,8,25,1,24
2008,8,26,2,28
2008,8,27,3,28
2008,8,28,4,29
2008,8,29,5,28
2008,8,30,6,13
2008,8,31,7,9
2008,9,1,1,9
2008,9,2,2,25
2008,9,3,3,29
2008,9,4,4,30
2008,9,5,5,28
2008,9,6,6,13
2008,9,7,7,10
2008,9,8,1,25
2008,9,9,2,29
2008,9,10,3,28
2008,9,11,4,25
2008,9,12,5,28
2008,9,13,6,14
2008,9,14,7,10
2008,9,15,1,26
2008,9,16,2,29
2008,9,17,3,28
2008,9,18,4,29
2008,9,19,5,27
2008,9,20,6,13
2008,9,21,7,10
2008,9,22,1,25
2008,9,23,2,28
2008,9,24,3,27
2008,9,25,4,28
2008,9,26,5,26
2008,9,27,6,13
2008,9,28,7,9
2008,9,29,1,23
2008,9,30,2,26
2008,10,1,3,26
2008,10,2,4,26
2008,10,3,5,25
2008,10,4,6,11
2008,10,5,7,8
2008,10,6,1,23
2008,10,7,2,26
2008,10,8,3,25
2008,10,9,4,25
2008,10,10,5,25
2008,10,11,6,11
2008,10,12,7,8
2008,10,13,1,20
2008,10,14,2,25
2008,10,15,3,25
2008,10,16,4,24
2008,10,17,5,24
2008,10,18,6,10
2008,10,19,7,7
2008,10,20,1,22
2008,10,21,2,25
2008,10,22,3,25
2008,10,23,4,25
2008,10,24,5,24
2008,10,25,6,10
2008,10,26,7,7
2008,10,27,1,22
2008,10,28,2,26
2008,10,29,3,24
2008,10,30,4,24
2008,10,31,5,18
2008,11,1,6,10
2008,11,2,7,8
2008,11,3,1,24
2008,11,4,2,25
2008,11,5,3,24
2008,11,6,4,24
2008,11,7,5,25
2008,11,8,6,11
2008,11,9,7,7
2008,11,10,1,22
2008,11,11,2,25
2008,11,12,3,24
2008,11,13,4,23
2008,11,14,5,23
2008,11,15,6,10
2008,11,16,7,7
2008,11,17,1,22
2008,11,18,2,25
2008,11,19,3,24
2008,11,20,4,25
2008,11,21,5,25
2008,11,22,6,10
2008,11,23,7,7
2008,11,24,1,25
2008,11,25,2,27
2008,11,26,3,22
2008,11,27,4,6
2008,11,28,5,13
2008,11,29,6,8
2008,11,30,7,7
2008,12,1,1,24
2008,12,2,2,27
2008,12,3,3,25
2008,12,4,4,25
2008,12,5,5,23
2008,12,6,6,10
2008,12,7,7,7
2008,12,8,1,22
2008,12,9,2,24
2008,12,10,3,24
2008,12,11,4,24
2008,12,12,5,24
2008,12,13,6,10
2008,12,14,7,7
2008,12,15,1,22
2008,12,16,2,27
2008,12,17,3,26
2008,12,18,4,28
2008,12,19,5,27
2008,12,20,6,11
2008,12,21,7,8
2008,12,22,1,26
2008,12,23,2,25
2008,12,24,3,13
2008,12,25,4,4
2008,12,26,5,18
2008,12,27,6,11
2008,12,28,7,8
2008,12,29,1,27
2008,12,30,2,32
2008,12,31,3,24
2009,1,1,4,9
2009,1,2,5,18
2009,1,3,6,10
2009,1,4,7,7
2009,1,5,1,21
2009,1,6,2,25
2009,1,7,3,24
2009,1,8,4,24
2009,1,9,5,23
2009,1,10,6,10
2009,1,11,7,6
2009,1,12,1,22
2009,1,13,2,23
2009,1,14,3,24
2009,1,15,4,23
2009,1,16,5,23
2009,1,17,6,10
2009,1,18,7,6
2009,1,19,1,19
2009,1,20,2,24
2009,1,21,3,23
2009,1,22,4,24
2009,1,23,5,24
2009,1,24,6,10
2009,1,25,7,7
2009,1,26,1,21
2009,1,27,2,24
2009,1,28,3,23
2009,1,29,4,23
2009,1,30,5,23
2009,1,31,6,10
2009,2,1,7,7
2009,2,2,1,23
2009,2,3,2,25
2009,2,4,3,24
2009,2,5,4,23
2009,2,6,5,23
2009,2,7,6,10
2009,2,8,7,7
2009,2,9,1,22
2009,2,10,2,26
2009,2,11,3,25
2009,2,12,4,26
2009,2,13,5,20
2009,2,14,6,11
2009,2,15,7,7
2009,2,16,1,20
2009,2,17,2,24
2009,2,18,3,25
2009,2,19,4,25
2009,2,20,5,24
2009,2,21,6,11
2009,2,22,7,7
2009,2,23,1,22
2009,2,24,2,24
2009,2,25,3,24
2009,2,26,4,24
2009,2,27,5,23
2009,2,28,6,10
2009,3,1,7,7
2009,3,2,1,22
2009,3,3,2,25
2009,3,4,3,24
2009,3,5,4,25
2009,3,6,5,24
2009,3,7,6,11
2009,3,8,7,7
2009,3,9,1,22
2009,3,10,2,26
2009,3,11,3,24
2009,3,12,4,24
2009,3,13,5,21
2009,3,14,6,10
2009,3,15,7,6
2009,3,16,1,22
2009,3,17,2,26
2009,3,18,3,24
2009,3,19,4,23
2009,3,20,5,24
2009,3,21,6,10
2009,3,22,7,7
2009,3,23,1,21
2009,3,24,2,25
2009,3,25,3,24
2009,3,26,4,23
2009,3,27,5,23
2009,3,28,6,10
2009,3,29,7,7
2009,3,30,1,22
2009,3,31,2,24
2009,4,1,3,22
2009,4,2,4,25
2009,4,3,5,24
2009,4,4,6,10
2009,4,5,7,7
2009,4,6,1,22
2009,4,7,2,26
2009,4,8,3,25
2009,4,9,4,25
2009,4,10,5,21
2009,4,11,6,9
2009,4,12,7,6
2009,4,13,1,20
2009,4,14,2,25
2009,4,15,3,23
2009,4,16,4,24
2009,4,17,5,22
2009,4,18,6,10
2009,4,19,7,7
2009,4,20,1,22
2009,4,21,2,25
2009,4,22,3,24
2009,4,23,4,24
2009,4,24,5,22
2009,4,25,6,10
2009,4,26,7,7
2009,4,27,1,22
2009,4,28,2,25
2009,4,29,3,23
2009,4,30,4,22
2009,5,1,5,24
2009,5,2,6,10
2009,5,3,7,7
2009,5,4,1,21
2009,5,5,2,25
2009,5,6,3,23
2009,5,7,4,24
2009,5,8,5,23
2009,5,9,6,10
2009,5,10,7,7
2009,5,11,1,22
2009,5,12,2,25
2009,5,13,3,24
2009,5,14,4,24
2009,5,15,5,24
2009,5,16,6,10
2009,5,17,7,7
2009,5,18,1,22
2009,5,19,2,26
2009,5,20,3,26
2009,5,21,4,26
2009,5,22,5,25
2009,5,23,6,11
2009,5,24,7,7
2009,5,25,1,9
2009,5,26,2,25
2009,5,27,3,28
2009,5,28,4,27
2009,5,29,5,25
2009,5,30,6,11
2009,5,31,7,7
2009,6,1,1,23
2009,6,2,2,25
2009,6,3,3,24
2009,6,4,4,24
2009,6,5,5,23
2009,6,6,6,10
2009,6,7,7,7
2009,6,8,1,22
2009,6,9,2,25
2009,6,10,3,25
2009,6,11,4,24
2009,6,12,5,23
2009,6,13,6,10
2009,6,14,7,7
2009,6,15,1,22
2009,6,16,2,26
2009,6,17,3,25
2009,6,18,4,26
2009,6,19,5,24
2009,6,20,6,11
2009,6,21,7,8
2009,6,22,1,22
2009,6,23,2,26
2009,6,24,3,25
2009,6,25,4,25
2009,6,26,5,24
2009,6,27,6,10
2009,6,28,7,7
2009,6,29,1,23
2009,6,30,2,27
2009,7,1,3,28
2009,7,2,4,27
2009,7,3,5,17
2009,7,4,6,9
2009,7,5,7,7
2009,7,6,1,22
2009,7,7,2,28
2009,7,8,3,28
2009,7,9,4,26
2009,7,10,5,25
2009,7,11,6,11
2009,7,12,7,8
2009,7,13,1,23
2009,7,14,2,27
2009,7,15,3,27
2009,7,16,4,27
2009,7,17,5,25
2009,7,18,6,11
2009,7,19,7,8
2009,7,20,1,23
2009,7,21,2,27
2009,7,22,3,26
2009,7,23,4,27
2009,7,24,5,24
2009,7,25,6,12
2009,7,26,7,8
2009,7,27,1,23
2009,7,28,2,27
2009,7,29,3,26
2009,7,30,4,26
2009,7,31,5,25
2009,8,1,6,11
2009,8,2,7,7
2009,8,3,1,23
2009,8,4,2,27
2009,8,5,3,26
2009,8,6,4,25
2009,8,7,5,24
2009,8,8,6,11
2009,8,9,7,8
2009,8,10,1,23
2009,8,11,2,27
2009,8,12,3,26
2009,8,13,4,25
2009,8,14,5,25
2009,8,15,6,11
2009,8,16,7,8
2009,8,17,1,24
2009,8,18,2,28
2009,8,19,3,26
2009,8,20,4,27
2009,8,21,5,25
2009,8,22,6,12
2009,8,23,7,8
2009,8,24,1,23
2009,8,25,2,27
2009,8,26,3,26
2009,8,27,4,27
2009,8,28,5,26
2009,8,29,6,11
2009,8,30,7,8
2009,8,31,1,23
2009,9,1,2,27
2009,9,2,3,26
2009,9,3,4,27
2009,9,4,5,26
2009,9,5,6,12
2009,9,6,7,8
2009,9,7,1,9
2009,9,8,2,26
2009,9,9,3,33
2009,9,10,4,30
2009,9,11,5,24
2009,9,12,6,13
2009,9,13,7,9
2009,9,14,1,25
2009,9,15,2,29
2009,9,16,3,27
2009,9,17,4,27
2009,9,18,5,27
2009,9,19,6,12
2009,9,20,7,9
2009,9,21,1,25
2009,9,22,2,28
2009,9,23,3,27
2009,9,24,4,27
2009,9,25,5,25
2009,9,26,6,12
2009,9,27,7,8
2009,9,28,1,23
2009,9,29,2,26
2009,9,30,3,25
2009,10,1,4,26
2009,10,2,5,25
2009,10,3,6,11
2009,10,4,7,7
2009,10,5,1,23
2009,10,6,2,26
2009,10,7,3,24
2009,10,8,4,25
2009,10,9,5,23
2009,10,10,6,11
2009,10,11,7,7
2009,10,12,1,21
2009,10,13,2,24
2009,10,14,3,24
2009,10,15,4,24
2009,10,16,5,23
2009,10,17,6,9
2009,10,18,7,7
2009,10,19,1,21
2009,10,20,2,24
2009,10,21,3,24
2009,10,22,4,24
2009,10,23,5,23
2009,10,24,6,10
2009,10,25,7,6
2009,10,26,1,22
2009,10,27,2,25
2009,10,28,3,24
2009,10,29,4,23
2009,10,30,5,21
2009,10,31,6,8
2009,11,1,7,8
2009,11,2,1,22
2009,11,3,2,25
2009,11,4,3,23
2009,11,5,4,23
2009,11,6,5,22
2009,11,7,6,9
2009,11,8,7,7
2009,11,9,1,21
2009,11,10,2,25
2009,11,11,3,24
2009,11,12,4,23
2009,11,13,5,20
2009,11,14,6,10
2009,11,15,7,7
2009,11,16,1,21
2009,11,17,2,24
2009,11,18,3,24
2009,11,19,4,23
2009,11,20,5,24
2009,11,21,6,10
2009,11,22,7,7
2009,11,23,1,24
2009,11,24,2,27
2009,11,25,3,21
2009,11,26,4,6
2009,11,27,5,11
2009,11,28,6,8
2009,11,29,7,7
2009,11,30,1,23
2009,12,1,2,27
2009,12,2,3,25
2009,12,3,4,24
2009,12,4,5,21
2009,12,5,6,9
2009,12,6,7,6
2009,12,7,1,20
2009,12,8,2,23
2009,12,9,3,22
2009,12,10,4,22
2009,12,11,5,21
2009,12,12,6,9
2009,12,13,7,6
2009,12,14,1,22
2009,12,15,2,25
2009,12,16,3,24
2009,12,17,4,25
2009,12,18,5,25
2009,12,19,6,10
2009,12,20,7,7
2009,12,21,1,26
2009,12,22,2,27
2009,12,23,3,20
2009,12,24,4,10
2009,12,25,5,3
2009,12,26,6,7
2009,12,27,7,7
2009,12,28,1,25
2009,12,29,2,29
2009,12,30,3,26
2009,12,31,4,20
2010,1,1,5,9
2010,1,2,6,6
2010,1,3,7,6
2010,1,4,1,21
2010,1,5,2,24
2010,1,6,3,23
2010,1,7,4,23
2010,1,8,5,22
2010,1,9,6,8
2010,1,10,7,6
2010,1,11,1,21
2010,1,12,2,24
2010,1,13,3,22
2010,1,14,4,23
2010,1,15,5,22
2010,1,16,6,9
2010,1,17,7,6
2010,1,18,1,19
2010,1,19,2,23
2010,1,20,3,23
2010,1,21,4,23
2010,1,22,5,22
2010,1,23,6,9
2010,1,24,7,6
2010,1,25,1,20
2010,1,26,2,23
2010,1,27,3,22
2010,1,28,4,22
2010,1,29,5,21
2010,1,30,6,9
2010,1,31,7,5
2010,2,1,1,19
2010,2,2,2,23
2010,2,3,3,22
2010,2,4,4,22
2010,2,5,5,22
2010,2,6,6,9
2010,2,7,7,6
2010,2,8,1,21
2010,2,9,2,23
2010,2,10,3,23
2010,2,11,4,22
2010,2,12,5,22
2010,2,13,6,9
2010,2,14,7,7
2010,2,15,1,18
2010,2,16,2,22
2010,2,17,3,23
2010,2,18,4,23
2010,2,19,5,22
2010,2,20,6,10
2010,2,21,7,7
2010,2,22,1,21
2010,2,23,2,23
2010,2,24,3,22
2010,2,25,4,22
2010,2,26,5,21
2010,2,27,6,8
2010,2,28,7,6
2010,3,1,1,21
2010,3,2,2,24
2010,3,3,3,23
2010,3,4,4,23
2010,3,5,5,22
2010,3,6,6,8
2010,3,7,7,6
2010,3,8,1,20
2010,3,9,2,24
2010,3,10,3,23
2010,3,11,4,22
2010,3,12,5,22
2010,3,13,6,9
2010,3,14,7,5
2010,3,15,1,20
2010,3,16,2,23
2010,3,17,3,23
2010,3,18,4,21
2010,3,19,5,21
2010,3,20,6,9
2010,3,21,7,6
2010,3,22,1,20
2010,3,23,2,23
2010,3,24,3,22
2010,3,25,4,23
2010,3,26,5,21
2010,3,27,6,9
2010,3,28,7,6
2010,3,29,1,20
2010,3,30,2,24
2010,3,31,3,23
2010,4,1,4,21
2010,4,2,5,20
2010,4,3,6,9
2010,4,4,7,5
2010,4,5,1,20
2010,4,6,2,24
2010,4,7,3,22
2010,4,8,4,22
2010,4,9,5,21
2010,4,10,6,9
2010,4,11,7,6
2010,4,12,1,21
2010,4,13,2,23
2010,4,14,3,23
2010,4,15,4,23
2010,4,16,5,21
2010,4,17,6,9
2010,4,18,7,6
2010,4,19,1,21
2010,4,20,2,24
2010,4,21,3,23
2010,4,22,4,22
2010,4,23,5,21
2010,4,24,6,9
2010,4,25,7,6
2010,4,26,1,21
2010,4,27,2,23
2010,4,28,3,23
2010,4,29,4,22
2010,4,30,5,21
2010,5,1,6,9
2010,5,2,7,6
2010,5,3,1,21
2010,5,4,2,23
2010,5,5,3,23
2010,5,6,4,22
2010,5,7,5,21
2010,5,8,6,9
2010,5,9,7,5
2010,5,10,1,22
2010,5,11,2,24
2010,5,12,3,23
2010,5,13,4,22
2010,5,14,5,22
2010,5,15,6,9
2010,5,16,7,6
2010,5,17,1,21
2010,5,18,2,24
2010,5,19,3,22
2010,5,20,4,23
2010,5,21,5,22
2010,5,22,6,9
2010,5,23,7,6
2010,5,24,1,21
2010,5,25,2,25
2010,5,26,3,24
2010,5,27,4,24
2010,5,28,5,23
2010,5,29,6,9
2010,5,30,7,6
2010,5,31,1,7
2010,6,1,2,23
2010,6,2,3,26
2010,6,3,4,24
2010,6,4,5,23
2010,6,5,6,10
2010,6,6,7,7
2010,6,7,1,21
2010,6,8,2,24
2010,6,9,3,22
2010,6,10,4,23
2010,6,11,5,21
2010,6,12,6,9
2010,6,13,7,6
2010,6,14,1,21
2010,6,15,2,23
2010,6,16,3,23
2010,6,17,4,24
2010,6,18,5,22
2010,6,19,6,9
2010,6,20,7,6
2010,6,21,1,21
2010,6,22,2,24
2010,6,23,3,24
2010,6,24,4,23
2010,6,25,5,23
2010,6,26,6,10
2010,6,27,7,7
2010,6,28,1,21
2010,6,29,2,24
2010,6,30,3,23
2010,7,1,4,25
2010,7,2,5,22
2010,7,3,6,9
2010,7,4,7,7
2010,7,5,1,10
2010,7,6,2,23
2010,7,7,3,27
2010,7,8,4,25
2010,7,9,5,24
2010,7,10,6,10
2010,7,11,7,7
2010,7,12,1,22
2010,7,13,2,23
2010,7,14,3,24
2010,7,15,4,24
2010,7,16,5,24
2010,7,17,6,10
2010,7,18,7,7
2010,7,19,1,21
2010,7,20,2,25
2010,7,21,3,24
2010,7,22,4,24
2010,7,23,5,23
2010,7,24,6,10
2010,7,25,7,7
2010,7,26,1,22
2010,7,27,2,25
2010,7,28,3,24
2010,7,29,4,24
2010,7,30,5,22
2010,7,31,6,10
2010,8,1,7,7
2010,8,2,1,21
2010,8,3,2,24
2010,8,4,3,24
2010,8,5,4,24
2010,8,6,5,23
2010,8,7,6,11
2010,8,8,7,7
2010,8,9,1,24
2010,8,10,2,26
2010,8,11,3,24
2010,8,12,4,25
2010,8,13,5,21
2010,8,14,6,10
2010,8,15,7,7
2010,8,16,1,22
2010,8,17,2,25
2010,8,18,3,24
2010,8,19,4,24
2010,8,20,5,24
2010,8,21,6,10
2010,8,22,7,7
2010,8,23,1,22
2010,8,24,2,25
2010,8,25,3,25
2010,8,26,4,24
2010,8,27,5,24
2010,8,28,6,11
2010,8,29,7,7
2010,8,30,1,22
2010,8,31,2,26
2010,9,1,3,25
2010,9,2,4,25
2010,9,3,5,24
2010,9,4,6,10
2010,9,5,7,8
2010,9,6,1,8
2010,9,7,2,24
2010,9,8,3,28
2010,9,9,4,27
2010,9,10,5,26
2010,9,11,6,11
2010,9,12,7,8
2010,9,13,1,23
2010,9,14,2,27
2010,9,15,3,27
2010,9,16,4,27
2010,9,17,5,26
2010,9,18,6,12
2010,9,19,7,9
2010,9,20,1,24
2010,9,21,2,27
2010,9,22,3,26
2010,9,23,4,26
2010,9,24,5,25
2010,9,25,6,11
2010,9,26,7,8
2010,9,27,1,23
2010,9,28,2,25
2010,9,29,3,24
2010,9,30,4,24
2010,10,1,5,24
2010,10,2,6,10
2010,10,3,7,7
2010,10,4,1,22
2010,10,5,2,24
2010,10,6,3,23
2010,10,7,4,24
2010,10,8,5,23
2010,10,9,6,10
2010,10,10,7,10
2010,10,11,1,21
2010,10,12,2,24
2010,10,13,3,22
2010,10,14,4,23
2010,10,15,5,23
2010,10,16,6,9
2010,10,17,7,7
2010,10,18,1,21
2010,10,19,2,23
2010,10,20,3,24
2010,10,21,4,23
2010,10,22,5,22
2010,10,23,6,9
2010,10,24,7,7
2010,10,25,1,22
2010,10,26,2,25
2010,10,27,3,23
2010,10,28,4,22
2010,10,29,5,20
2010,10,30,6,9
2010,10,31,7,6
2010,11,1,1,21
2010,11,2,2,24
2010,11,3,3,23
2010,11,4,4,23
2010,11,5,5,22
2010,11,6,6,9
2010,11,7,7,7
2010,11,8,1,21
2010,11,9,2,24
2010,11,10,3,23
2010,11,11,4,23
2010,11,12,5,21
2010,11,13,6,9
2010,11,14,7,6
2010,11,15,1,21
2010,11,16,2,25
2010,11,17,3,23
2010,11,18,4,24
2010,11,19,5,23
2010,11,20,6,11
2010,11,21,7,7
2010,11,22,1,25
2010,11,23,2,26
2010,11,24,3,21
2010,11,25,4,6
2010,11,26,5,11
2010,11,27,6,8
2010,11,28,7,7
2010,11,29,1,22
2010,11,30,2,25
2010,12,1,3,24
2010,12,2,4,24
2010,12,3,5,22
2010,12,4,6,9
2010,12,5,7,6
2010,12,6,1,20
2010,12,7,2,23
2010,12,8,3,22
2010,12,9,4,22
2010,12,10,5,22
2010,12,11,6,9
2010,12,12,7,6
2010,12,13,1,20
2010,12,14,2,24
2010,12,15,3,24
2010,12,16,4,24
2010,12,17,5,23
2010,12,18,6,10
2010,12,19,7,7
2010,12,20,1,25
2010,12,21,2,28
2010,12,22,3,24
2010,12,23,4,19
2010,12,24,5,8
2010,12,25,6,3
2010,12,26,7,5
2010,12,27,1,22
2010,12,28,2,26
2010,12,29,3,25
2010,12,30,4,25
2010,12,31,5,14
2011,1,1,6,7
2011,1,2,7,5
2011,1,3,1,18
2011,1,4,2,23
2011,1,5,3,21
2011,1,6,4,21
2011,1,7,5,21
2011,1,8,6,9
2011,1,9,7,6
2011,1,10,1,18
2011,1,11,2,25
2011,1,12,3,21
2011,1,13,4,20
2011,1,14,5,21
2011,1,15,6,8
2011,1,16,7,6
2011,1,17,1,18
2011,1,18,2,22
2011,1,19,3,22
2011,1,20,4,22
2011,1,21,5,21
2011,1,22,6,9
2011,1,23,7,6
2011,1,24,1,20
2011,1,25,2,23
2011,1,26,3,22
2011,1,27,4,21
2011,1,28,5,20
2011,1,29,6,8
2011,1,30,7,6
2011,1,31,1,19
2011,2,1,2,22
2011,2,2,3,21
2011,2,3,4,21
2011,2,4,5,21
2011,2,5,6,9
2011,2,6,7,6
2011,2,7,1,21
2011,2,8,2,23
2011,2,9,3,21
2011,2,10,4,21
2011,2,11,5,21
2011,2,12,6,9
2011,2,13,7,6
2011,2,14,1,21
2011,2,15,2,24
2011,2,16,3,22
2011,2,17,4,22
2011,2,18,5,22
2011,2,19,6,9
2011,2,20,7,6
2011,2,21,1,17
2011,2,22,2,23
2011,2,23,3,22
2011,2,24,4,21
2011,2,25,5,21
2011,2,26,6,9
2011,2,27,7,6
2011,2,28,1,18
2011,3,1,2,23
2011,3,2,3,21
2011,3,3,4,22
2011,3,4,5,21
2011,3,5,6,8
2011,3,6,7,6
2011,3,7,1,19
2011,3,8,2,22
2011,3,9,3,21
2011,3,10,4,21
2011,3,11,5,21
2011,3,12,6,9
2011,3,13,7,5
2011,3,14,1,19
2011,3,15,2,22
2011,3,16,3,21
2011,3,17,4,22
2011,3,18,5,20
2011,3,19,6,8
2011,3,20,7,6
2011,3,21,1,20
2011,3,22,2,22
2011,3,23,3,21
2011,3,24,4,21
2011,3,25,5,21
2011,3,26,6,8
2011,3,27,7,6
2011,3,28,1,19
2011,3,29,2,22
2011,3,30,3,21
2011,3,31,4,22
2011,4,1,5,19
2011,4,2,6,9
2011,4,3,7,6
2011,4,4,1,20
2011,4,5,2,22
2011,4,6,3,21
2011,4,7,4,22
2011,4,8,5,21
2011,4,9,6,9
2011,4,10,7,6
2011,4,11,1,20
2011,4,12,2,22
2011,4,13,3,20
2011,4,14,4,22
2011,4,15,5,21
2011,4,16,6,8
2011,4,17,7,6
2011,4,18,1,20
2011,4,19,2,23
2011,4,20,3,22
2011,4,21,4,22
2011,4,22,5,18
2011,4,23,6,8
2011,4,24,7,5
2011,4,25,1,19
2011,4,26,2,23
2011,4,27,3,21
2011,4,28,4,22
2011,4,29,5,19
2011,4,30,6,8
2011,5,1,7,6
2011,5,2,1,20
2011,5,3,2,22
2011,5,4,3,21
2011,5,5,4,21
2011,5,6,5,20
2011,5,7,6,9
2011,5,8,7,6
2011,5,9,1,20
2011,5,10,2,23
2011,5,11,3,22
2011,5,12,4,22
2011,5,13,5,18
2011,5,14,6,9
2011,5,15,7,6
2011,5,16,1,21
2011,5,17,2,23
2011,5,18,3,22
2011,5,19,4,22
2011,5,20,5,21
2011,5,21,6,9
2011,5,22,7,7
2011,5,23,1,21
2011,5,24,2,24
2011,5,25,3,23
2011,5,26,4,23
2011,5,27,5,22
2011,5,28,6,10
2011,5,29,7,6
2011,5,30,1,7
2011,5,31,2,22
2011,6,1,3,25
2011,6,2,4,25
2011,6,3,5,23
2011,6,4,6,10
2011,6,5,7,7
2011,6,6,1,21
2011,6,7,2,23
2011,6,8,3,23
2011,6,9,4,22
2011,6,10,5,22
2011,6,11,6,9
2011,6,12,7,7
2011,6,13,1,20
2011,6,14,2,24
2011,6,15,3,23
2011,6,16,4,24
2011,6,17,5,22
2011,6,18,6,10
2011,6,19,7,7
2011,6,20,1,21
2011,6,21,2,24
2011,6,22,3,24
2011,6,23,4,23
2011,6,24,5,23
2011,6,25,6,10
2011,6,26,7,6
2011,6,27,1,22
2011,6,28,2,25
2011,6,29,3,24
2011,6,30,4,25
2011,7,1,5,25
2011,7,2,6,11
2011,7,3,7,7
2011,7,4,1,8
2011,7,5,2,23
2011,7,6,3,27
2011,7,7,4,28
2011,7,8,5,25
2011,7,9,6,12
2011,7,10,7,8
2011,7,11,1,23
2011,7,12,2,25
2011,7,13,3,24
2011,7,14,4,25
2011,7,15,5,24
2011,7,16,6,11
2011,7,17,7,8
2011,7,18,1,22
2011,7,19,2,24
2011,7,20,3,25
2011,7,21,4,25
2011,7,22,5,23
2011,7,23,6,11
2011,7,24,7,7
2011,7,25,1,21
2011,7,26,2,25
2011,7,27,3,24
2011,7,28,4,24
2011,7,29,5,23
2011,7,30,6,10
2011,7,31,7,7
2011,8,1,1,23
2011,8,2,2,25
2011,8,3,3,24
2011,8,4,4,24
2011,8,5,5,24
2011,8,6,6,11
2011,8,7,7,8
2011,8,8,1,23
2011,8,9,2,25
2011,8,10,3,24
2011,8,11,4,24
2011,8,12,5,24
2011,8,13,6,10
2011,8,14,7,7
2011,8,15,1,23
2011,8,16,2,26
2011,8,17,3,25
2011,8,18,4,24
2011,8,19,5,24
2011,8,20,6,11
2011,8,21,7,7
2011,8,22,1,22
2011,8,23,2,25
2011,8,24,3,24
2011,8,25,4,24
2011,8,26,5,24
2011,8,27,6,11
2011,8,28,7,8
2011,8,29,1,22
2011,8,30,2,26
2011,8,31,3,25
2011,9,1,4,26
2011,9,2,5,25
2011,9,3,6,11
2011,9,4,7,7
2011,9,5,1,8
2011,9,6,2,24
2011,9,7,3,28
2011,9,8,4,26
2011,9,9,5,26
2011,9,10,6,12
2011,9,11,7,8
2011,9,12,1,23
2011,9,13,2,25
2011,9,14,3,26
2011,9,15,4,26
2011,9,16,5,25
2011,9,17,6,11
2011,9,18,7,8
2011,9,19,1,23
2011,9,20,2,26
2011,9,21,3,24
2011,9,22,4,24
2011,9,23,5,24
2011,9,24,6,10
2011,9,25,7,8
2011,9,26,1,23
2011,9,27,2,25
2011,9,28,3,23
2011,9,29,4,23
2011,9,30,5,22
2011,10,1,6,11
2011,10,2,7,7
2011,10,3,1,22
2011,10,4,2,24
2011,10,5,3,23
2011,10,6,4,23
2011,10,7,5,22
2011,10,8,6,10
2011,10,9,7,6
2011,10,10,1,21
2011,10,11,2,24
2011,10,12,3,23
2011,10,13,4,22
2011,10,14,5,21
2011,10,15,6,9
2011,10,16,7,6
2011,10,17,1,20
2011,10,18,2,23
2011,10,19,3,23
2011,10,20,4,23
2011,10,21,5,21
2011,10,22,6,9
2011,10,23,7,6
2011,10,24,1,20
2011,10,25,2,23
2011,10,26,3,21
2011,10,27,4,22
2011,10,28,5,21
2011,10,29,6,8
2011,10,30,7,6
2011,10,31,1,14
2011,11,1,2,26
2011,11,2,3,23
2011,11,3,4,22
2011,11,4,5,21
2011,11,5,6,9
2011,11,6,7,7
2011,11,7,1,20
2011,11,8,2,22
2011,11,9,3,21
2011,11,10,4,21
2011,11,11,5,28
2011,11,12,6,9
2011,11,13,7,6
2011,11,14,1,20
2011,11,15,2,23
2011,11,16,3,22
2011,11,17,4,22
2011,11,18,5,22
2011,11,19,6,9
2011,11,20,7,7
2011,11,21,1,24
2011,11,22,2,25
2011,11,23,3,20
2011,11,24,4,6
2011,11,25,5,11
2011,11,26,6,8
2011,11,27,7,6
2011,11,28,1,22
2011,11,29,2,25
2011,11,30,3,23
2011,12,1,4,23
2011,12,2,5,21
2011,12,3,6,9
2011,12,4,7,6
2011,12,5,1,20
2011,12,6,2,22
2011,12,7,3,21
2011,12,8,4,21
2011,12,9,5,20
2011,12,10,6,8
2011,12,11,7,5
2011,12,12,1,21
2011,12,13,2,23
2011,12,14,3,23
2011,12,15,4,23
2011,12,16,5,22
2011,12,17,6,9
2011,12,18,7,6
2011,12,19,1,23
2011,12,20,2,26
2011,12,21,3,25
2011,12,22,4,22
2011,12,23,5,15
2011,12,24,6,5
2011,12,25,7,2
2011,12,26,1,9
2011,12,27,2,22
2011,12,28,3,25
2011,12,29,4,24
2011,12,30,5,22
2011,12,31,6,9
2012,1,1,7,5
2012,1,2,1,8
2012,1,3,2,19
2012,1,4,3,21
2012,1,5,4,22
2012,1,6,5,21
2012,1,7,6,8
2012,1,8,7,6
2012,1,9,1,19
2012,1,10,2,21
2012,1,11,3,21
2012,1,12,4,22
2012,1,13,5,19
2012,1,14,6,9
2012,1,15,7,6
2012,1,16,1,17
2012,1,17,2,22
2012,1,18,3,21
2012,1,19,4,21
2012,1,20,5,21
2012,1,21,6,9
2012,1,22,7,5
2012,1,23,1,19
2012,1,24,2,22
2012,1,25,3,20
2012,1,26,4,21
2012,1,27,5,20
2012,1,28,6,8
2012,1,29,7,5
2012,1,30,1,19
2012,1,31,2,21
2012,2,1,3,21
2012,2,2,4,21
2012,2,3,5,20
2012,2,4,6,8
2012,2,5,7,5
2012,2,6,1,19
2012,2,7,2,22
2012,2,8,3,21
2012,2,9,4,21
2012,2,10,5,21
2012,2,11,6,9
2012,2,12,7,6
2012,2,13,1,18
2012,2,14,2,23
2012,2,15,3,22
2012,2,16,4,22
2012,2,17,5,21
2012,2,18,6,8
2012,2,19,7,6
2012,2,20,1,18
2012,2,21,2,21
2012,2,22,3,22
2012,2,23,4,21
2012,2,24,5,20
2012,2,25,6,9
2012,2,26,7,5
2012,2,27,1,19
2012,2,28,2,22
2012,2,29,3,18
2012,3,1,4,23
2012,3,2,5,20
2012,3,3,6,9
2012,3,4,7,6
2012,3,5,1,19
2012,3,6,2,21
2012,3,7,3,21
2012,3,8,4,21
2012,3,9,5,20
2012,3,10,6,8
2012,3,11,7,4
2012,3,12,1,20
2012,3,13,2,20
2012,3,14,3,20
2012,3,15,4,20
2012,3,16,5,20
2012,3,17,6,9
2012,3,18,7,6
2012,3,19,1,20
2012,3,20,2,22
2012,3,21,3,21
2012,3,22,4,21
2012,3,23,5,20
2012,3,24,6,9
2012,3,25,7,6
2012,3,26,1,19
2012,3,27,2,22
2012,3,28,3,21
2012,3,29,4,21
2012,3,30,5,21
2012,3,31,6,9
2012,4,1,7,6
2012,4,2,1,20
2012,4,3,2,22
2012,4,4,3,22
2012,4,5,4,21
2012,4,6,5,18
2012,4,7,6,7
2012,4,8,7,5
2012,4,9,1,19
2012,4,10,2,22
2012,4,11,3,20
2012,4,12,4,21
2012,4,13,5,18
2012,4,14,6,8
2012,4,15,7,6
2012,4,16,1,20
2012,4,17,2,22
2012,4,18,3,21
2012,4,19,4,20
2012,4,20,5,20
2012,4,21,6,8
2012,4,22,7,6
2012,4,23,1,19
2012,4,24,2,22
2012,4,25,3,20
2012,4,26,4,21
2012,4,27,5,19
2012,4,28,6,8
2012,4,29,7,5
2012,4,30,1,19
2012,5,1,2,22
2012,5,2,3,21
2012,5,3,4,20
2012,5,4,5,19
2012,5,5,6,8
2012,5,6,7,6
2012,5,7,1,19
2012,5,8,2,21
2012,5,9,3,20
2012,5,10,4,20
2012,5,11,5,20
2012,5,12,6,8
2012,5,13,7,6
2012,5,14,1,20
2012,5,15,2,23
2012,5,16,3,22
2012,5,17,4,21
2012,5,18,5,20
2012,5,19,6,9
2012,5,20,7,7
2012,5,21,1,21
2012,5,22,2,23
2012,5,23,3,23
2012,5,24,4,22
2012,5,25,5,22
2012,5,26,6,9
2012,5,27,7,6
2012,5,28,1,8
2012,5,29,2,22
2012,5,30,3,25
2012,5,31,4,23
2012,6,1,5,23
2012,6,2,6,9
2012,6,3,7,6
2012,6,4,1,21
2012,6,5,2,22
2012,6,6,3,22
2012,6,7,4,22
2012,6,8,5,21
2012,6,9,6,10
2012,6,10,7,6
2012,6,11,1,20
2012,6,12,2,24
2012,6,13,3,21
2012,6,14,4,23
2012,6,15,5,22
2012,6,16,6,10
2012,6,17,7,7
2012,6,18,1,21
2012,6,19,2,23
2012,6,20,3,23
2012,6,21,4,23
2012,6,22,5,22
2012,6,23,6,9
2012,6,24,7,7
2012,6,25,1,21
2012,6,26,2,24
2012,6,27,3,23
2012,6,28,4,24
2012,6,29,5,22
2012,6,30,6,10
2012,7,1,7,8
2012,7,2,1,24
2012,7,3,2,26
2012,7,4,3,13
2012,7,5,4,23
2012,7,6,5,23
2012,7,7,6,12
2012,7,8,7,8
2012,7,9,1,22
2012,7,10,2,26
2012,7,11,3,24
2012,7,12,4,23
2012,7,13,5,21
2012,7,14,6,11
2012,7,15,7,8
2012,7,16,1,22
2012,7,17,2,25
2012,7,18,3,24
2012,7,19,4,23
2012,7,20,5,23
2012,7,21,6,11
2012,7,22,7,8
2012,7,23,1,23
2012,7,24,2,25
2012,7,25,3,24
2012,7,26,4,24
2012,7,27,5,23
2012,7,28,6,10
2012,7,29,7,8
2012,7,30,1,21
2012,7,31,2,25
2012,8,1,3,24
2012,8,2,4,24
2012,8,3,5,23
2012,8,4,6,11
2012,8,5,7,8
2012,8,6,1,23
2012,8,7,2,25
2012,8,8,3,25
2012,8,9,4,25
2012,8,10,5,24
2012,8,11,6,11
2012,8,12,7,8
2012,8,13,1,21
2012,8,14,2,26
2012,8,15,3,25
2012,8,16,4,25
2012,8,17,5,24
2012,8,18,6,11
2012,8,19,7,8
2012,8,20,1,23
2012,8,21,2,25
2012,8,22,3,24
2012,8,23,4,24
2012,8,24,5,24
2012,8,25,6,11
2012,8,26,7,8
2012,8,27,1,23
2012,8,28,2,26
2012,8,29,3,24
2012,8,30,4,25
2012,8,31,5,25
2012,9,1,6,12
2012,9,2,7,8
2012,9,3,1,9
2012,9,4,2,24
2012,9,5,3,27
2012,9,6,4,26
2012,9,7,5,27
2012,9,8,6,12
2012,9,9,7,9
2012,9,10,1,24
2012,9,11,2,23
2012,9,12,3,26
2012,9,13,4,25
2012,9,14,5,26
2012,9,15,6,12
2012,9,16,7,9
2012,9,17,1,24
2012,9,18,2,26
2012,9,19,3,25
2012,9,20,4,26
2012,9,21,5,25
2012,9,22,6,12
2012,9,23,7,9
2012,9,24,1,23
2012,9,25,2,26
2012,9,26,3,24
2012,9,27,4,24
2012,9,28,5,23
2012,9,29,6,11
2012,9,30,7,8
2012,10,1,1,23
2012,10,2,2,25
2012,10,3,3,24
2012,10,4,4,23
2012,10,5,5,23
2012,10,6,6,10
2012,10,7,7,7
2012,10,8,1,20
2012,10,9,2,23
2012,10,10,3,23
2012,10,11,4,26
2012,10,12,5,22
2012,10,13,6,9
2012,10,14,7,7
2012,10,15,1,22
2012,10,16,2,24
2012,10,17,3,23
2012,10,18,4,23
2012,10,19,5,22
2012,10,20,6,10
2012,10,21,7,7
2012,10,22,1,22
2012,10,23,2,24
2012,10,24,3,23
2012,10,25,4,23
2012,10,26,5,21
2012,10,27,6,9
2012,10,28,7,7
2012,10,29,1,21
2012,10,30,2,21
2012,10,31,3,18
2012,11,1,4,24
2012,11,2,5,23
2012,11,3,6,10
2012,11,4,7,7
2012,11,5,1,21
2012,11,6,2,23
2012,11,7,3,23
2012,11,8,4,22
2012,11,9,5,22
2012,11,10,6,10
2012,11,11,7,7
2012,11,12,1,21
2012,11,13,2,22
2012,11,14,3,23
2012,11,15,4,23
2012,11,16,5,23
2012,11,17,6,11
2012,11,18,7,7
2012,11,19,1,24
2012,11,20,2,25
2012,11,21,3,21
2012,11,22,4,7
2012,11,23,5,13
2012,11,24,6,8
2012,11,25,7,7
2012,11,26,1,22
2012,11,27,2,25
2012,11,28,3,23
2012,11,29,4,23
2012,11,30,5,20
2012,12,1,6,10
2012,12,2,7,7
2012,12,3,1,20
2012,12,4,2,23
2012,12,5,3,22
2012,12,6,4,21
2012,12,7,5,20
2012,12,8,6,9
2012,12,9,7,6
2012,12,10,1,20
2012,12,11,2,22
2012,12,12,3,29
2012,12,13,4,21
2012,12,14,5,21
2012,12,15,6,9
2012,12,16,7,6
2012,12,17,1,21
2012,12,18,2,25
2012,12,19,3,24
2012,12,20,4,24
2012,12,21,5,25
2012,12,22,6,10
2012,12,23,7,6
2012,12,24,1,8
2012,12,25,2,4
2012,12,26,3,19
2012,12,27,4,27
2012,12,28,5,27
2012,12,29,6,12
2012,12,30,7,8
2012,12,31,1,17
2013,1,1,2,8
2013,1,2,3,18
2013,1,3,4,23
2013,1,4,5,22
2013,1,5,6,10
2013,1,6,7,7
2013,1,7,1,19
2013,1,8,2,21
2013,1,9,3,20
2013,1,10,4,21
2013,1,11,5,21
2013,1,12,6,9
2013,1,13,7,6
2013,1,14,1,19
2013,1,15,2,21
2013,1,16,3,20
2013,1,17,4,21
2013,1,18,5,21
2013,1,19,6,8
2013,1,20,7,6
2013,1,21,1,17
2013,1,22,2,21
2013,1,23,3,21
2013,1,24,4,21
2013,1,25,5,20
2013,1,26,6,9
2013,1,27,7,6
2013,1,28,1,20
2013,1,29,2,22
2013,1,30,3,20
2013,1,31,4,20
2013,2,1,5,21
2013,2,2,6,9
2013,2,3,7,6
2013,2,4,1,19
2013,2,5,2,21
2013,2,6,3,20
2013,2,7,4,21
2013,2,8,5,21
2013,2,9,6,8
2013,2,10,7,5
2013,2,11,1,19
2013,2,12,2,22
2013,2,13,3,20
2013,2,14,4,22
2013,2,15,5,21
2013,2,16,6,9
2013,2,17,7,6
2013,2,18,1,18
2013,2,19,2,21
2013,2,20,3,21
2013,2,21,4,21
2013,2,22,5,20
2013,2,23,6,9
2013,2,24,7,6
2013,2,25,1,19
2013,2,26,2,21
2013,2,27,3,20
2013,2,28,4,20
2013,3,1,5,21
2013,3,2,6,9
2013,3,3,7,6
2013,3,4,1,20
2013,3,5,2,22
2013,3,6,3,20
2013,3,7,4,21
2013,3,8,5,20
2013,3,9,6,9
2013,3,10,7,5
2013,3,11,1,20
2013,3,12,2,21
2013,3,13,3,21
2013,3,14,4,20
2013,3,15,5,20
2013,3,16,6,9
2013,3,17,7,6
2013,3,18,1,20
2013,3,19,2,21
2013,3,20,3,21
2013,3,21,4,21
2013,3,22,5,21
2013,3,23,6,9
2013,3,24,7,6
2013,3,25,1,20
2013,3,26,2,22
2013,3,27,3,22
2013,3,28,4,21
2013,3,29,5,18
2013,3,30,6,9
2013,3,31,7,5
2013,4,1,1,16
2013,4,2,2,22
2013,4,3,3,21
2013,4,4,4,21
2013,4,5,5,21
2013,4,6,6,8
2013,4,7,7,5
2013,4,8,1,19
2013,4,9,2,21
2013,4,10,3,20
2013,4,11,4,20
2013,4,12,5,19
2013,4,13,6,8
2013,4,14,7,6
2013,4,15,1,19
2013,4,16,2,22
2013,4,17,3,20
2013,4,18,4,20
2013,4,19,5,20
2013,4,20,6,8
2013,4,21,7,5
2013,4,22,1,19
2013,4,23,2,21
2013,4,24,3,20
2013,4,25,4,20
2013,4,26,5,19
2013,4,27,6,8
2013,4,28,7,6
2013,4,29,1,19
2013,4,30,2,20
2013,5,1,3,21
2013,5,2,4,20
2013,5,3,5,20
2013,5,4,6,8
2013,5,5,7,5
2013,5,6,1,19
2013,5,7,2,22
2013,5,8,3,21
2013,5,9,4,20
2013,5,10,5,20
2013,5,11,6,8
2013,5,12,7,6
2013,5,13,1,19
2013,5,14,2,22
2013,5,15,3,22
2013,5,16,4,21
2013,5,17,5,21
2013,5,18,6,8
2013,5,19,7,6
2013,5,20,1,21
2013,5,21,2,23
2013,5,22,3,22
2013,5,23,4,23
2013,5,24,5,22
2013,5,25,6,9
2013,5,26,7,6
2013,5,27,1,7
2013,5,28,2,22
2013,5,29,3,24
2013,5,30,4,23
2013,5,31,5,21
2013,6,1,6,10
2013,6,2,7,6
2013,6,3,1,20
2013,6,4,2,22
2013,6,5,3,22
2013,6,6,4,21
2013,6,7,5,22
2013,6,8,6,10
2013,6,9,7,7
2013,6,10,1,21
2013,6,11,2,22
2013,6,12,3,21
2013,6,13,4,21
2013,6,14,5,21
2013,6,15,6,10
2013,6,16,7,7
2013,6,17,1,21
2013,6,18,2,23
2013,6,19,3,22
2013,6,20,4,22
2013,6,21,5,22
2013,6,22,6,10
2013,6,23,7,7
2013,6,24,1,21
2013,6,25,2,23
2013,6,26,3,23
2013,6,27,4,23
2013,6,28,5,23
2013,6,29,6,10
2013,6,30,7,7
2013,7,1,1,23
2013,7,2,2,25
2013,7,3,3,25
2013,7,4,4,12
2013,7,5,5,19
2013,7,6,6,10
2013,7,7,7,7
2013,7,8,1,22
2013,7,9,2,25
2013,7,10,3,24
2013,7,11,4,23
2013,7,12,5,23
2013,7,13,6,10
2013,7,14,7,8
2013,7,15,1,23
2013,7,16,2,24
2013,7,17,3,24
2013,7,18,4,23
2013,7,19,5,23
2013,7,20,6,10
2013,7,21,7,8
2013,7,22,1,23
2013,7,23,2,25
2013,7,24,3,23
2013,7,25,4,24
2013,7,26,5,22
2013,7,27,6,10
2013,7,28,7,7
2013,7,29,1,21
2013,7,30,2,24
2013,7,31,3,23
2013,8,1,4,24
2013,8,2,5,23
2013,8,3,6,11
2013,8,4,7,8
2013,8,5,1,22
2013,8,6,2,24
2013,8,7,3,24
2013,8,8,4,25
2013,8,9,5,23
2013,8,10,6,11
2013,8,11,7,8
2013,8,12,1,22
2013,8,13,2,24
2013,8,14,3,24
2013,8,15,4,24
2013,8,16,5,23
2013,8,17,6,11
2013,8,18,7,8
2013,8,19,1,22
2013,8,20,2,24
2013,8,21,3,24
2013,8,22,4,24
2013,8,23,5,23
2013,8,24,6,11
2013,8,25,7,8
2013,8,26,1,22
2013,8,27,2,24
2013,8,28,3,24
2013,8,29,4,24
2013,8,30,5,23
2013,8,31,6,11
2013,9,1,7,8
2013,9,2,1,9
2013,9,3,2,24
2013,9,4,3,26
2013,9,5,4,25
2013,9,6,5,24
2013,9,7,6,11
2013,9,8,7,8
2013,9,9,1,23
2013,9,10,2,25
2013,9,11,3,21
2013,9,12,4,25
2013,9,13,5,23
2013,9,14,6,11
2013,9,15,7,9
2013,9,16,1,24
2013,9,17,2,26
2013,9,18,3,25
2013,9,19,4,25
2013,9,20,5,24
2013,9,21,6,12
2013,9,22,7,8
2013,9,23,1,23
2013,9,24,2,25
2013,9,25,3,24
2013,9,26,4,24
2013,9,27,5,23
2013,9,28,6,11
2013,9,29,7,8
2013,9,30,1,21
2013,10,1,2,25
2013,10,2,3,23
2013,10,3,4,24
2013,10,4,5,22
2013,10,5,6,11
2013,10,6,7,7
2013,10,7,1,21
2013,10,8,2,23
2013,10,9,3,22
2013,10,10,4,23
2013,10,11,5,22
2013,10,12,6,10
2013,10,13,7,7
2013,10,14,1,20
2013,10,15,2,23
2013,10,16,3,22
2013,10,17,4,22
2013,10,18,5,22
2013,10,19,6,9
2013,10,20,7,6
2013,10,21,1,20
2013,10,22,2,22
2013,10,23,3,22
2013,10,24,4,22
2013,10,25,5,22
2013,10,26,6,9
2013,10,27,7,6
2013,10,28,1,22
2013,10,29,2,23
2013,10,30,3,20
2013,10,31,4,18
2013,11,1,5,23
2013,11,2,6,10
2013,11,3,7,7
2013,11,4,1,21
2013,11,5,2,23
2013,11,6,3,21
2013,11,7,4,23
2013,11,8,5,21
2013,11,9,6,9
2013,11,10,7,7
2013,11,11,1,19
2013,11,12,2,26
2013,11,13,3,21
2013,11,14,4,22
2013,11,15,5,22
2013,11,16,6,10
2013,11,17,7,7
2013,11,18,1,21
2013,11,19,2,22
2013,11,20,3,23
2013,11,21,4,22
2013,11,22,5,22
2013,11,23,6,10
2013,11,24,7,7
2013,11,25,1,23
2013,11,26,2,25
2013,11,27,3,20
2013,11,28,4,7
2013,11,29,5,12
2013,11,30,6,8
2013,12,1,7,7
2013,12,2,1,23
2013,12,3,2,25
2013,12,4,3,24
2013,12,5,4,22
2013,12,6,5,21
2013,12,7,6,9
2013,12,8,7,7
2013,12,9,1,20
2013,12,10,2,23
2013,12,11,3,22
2013,12,12,4,22
2013,12,13,5,19
2013,12,14,6,9
2013,12,15,7,7
2013,12,16,1,22
2013,12,17,2,25
2013,12,18,3,24
2013,12,19,4,25
2013,12,20,5,25
2013,12,21,6,12
2013,12,22,7,8
2013,12,23,1,21
2013,12,24,2,13
2013,12,25,3,5
2013,12,26,4,19
2013,12,27,5,26
2013,12,28,6,13
2013,12,29,7,9
2013,12,30,1,24
2013,12,31,2,23
2014,1,1,3,9
2014,1,2,4,19
2014,1,3,5,22
2014,1,4,6,10
2014,1,5,7,7
2014,1,6,1,19
2014,1,7,2,22
2014,1,8,3,20
2014,1,9,4,20
2014,1,10,5,21
2014,1,11,6,10
2014,1,12,7,7
2014,1,13,1,20
2014,1,14,2,23
2014,1,15,3,20
2014,1,16,4,20
2014,1,17,5,21
2014,1,18,6,9
2014,1,19,7,6
2014,1,20,1,18
2014,1,21,2,22
2014,1,22,3,21
2014,1,23,4,21
2014,1,24,5,21
2014,1,25,6,10
2014,1,26,7,7
2014,1,27,1,20
2014,1,28,2,21
2014,1,29,3,19
2014,1,30,4,20
2014,1,31,5,21
2014,2,1,6,10
2014,2,2,7,7
2014,2,3,1,20
2014,2,4,2,23
2014,2,5,3,21
2014,2,6,4,20
2014,2,7,5,22
2014,2,8,6,9
2014,2,9,7,6
2014,2,10,1,21
2014,2,11,2,22
2014,2,12,3,21
2014,2,13,4,19
2014,2,14,5,22
2014,2,15,6,10
2014,2,16,7,7
2014,2,17,1,18
2014,2,18,2,22
2014,2,19,3,21
2014,2,20,4,21
2014,2,21,5,21
2014,2,22,6,9
2014,2,23,7,6
2014,2,24,1,20
2014,2,25,2,22
2014,2,26,3,21
2014,2,27,4,21
2014,2,28,5,20
2014,3,1,6,10
2014,3,2,7,7
2014,3,3,1,20
2014,3,4,2,21
2014,3,5,3,21
2014,3,6,4,21
2014,3,7,5,21
2014,3,8,6,9
2014,3,9,7,5
2014,3,10,1,20
2014,3,11,2,21
2014,3,12,3,20
2014,3,13,4,20
2014,3,14,5,21
2014,3,15,6,9
2014,3,16,7,6
2014,3,17,1,21
2014,3,18,2,22
2014,3,19,3,21
2014,3,20,4,22
2014,3,21,5,21
2014,3,22,6,9
2014,3,23,7,6
2014,3,24,1,20
2014,3,25,2,22
2014,3,26,3,20
2014,3,27,4,20
2014,3,28,5,20
2014,3,29,6,9
2014,3,30,7,7
2014,3,31,1,20
2014,4,1,2,20
2014,4,2,3,21
2014,4,3,4,21
2014,4,4,5,22
2014,4,5,6,9
2014,4,6,7,6
2014,4,7,1,20
2014,4,8,2,22
2014,4,9,3,21
2014,4,10,4,21
2014,4,11,5,21
2014,4,12,6,9
2014,4,13,7,7
2014,4,14,1,21
2014,4,15,2,22
2014,4,16,3,21
2014,4,17,4,21
2014,4,18,5,18
2014,4,19,6,8
2014,4,20,7,6
2014,4,21,1,20
2014,4,22,2,23
2014,4,23,3,21
2014,4,24,4,22
2014,4,25,5,20
2014,4,26,6,9
2014,4,27,7,7
2014,4,28,1,20
2014,4,29,2,21
2014,4,30,3,20
2014,5,1,4,22
2014,5,2,5,21
2014,5,3,6,9
2014,5,4,7,7
2014,5,5,1,20
2014,5,6,2,22
2014,5,7,3,21
2014,5,8,4,21
2014,5,9,5,21
2014,5,10,6,9
2014,5,11,7,6
2014,5,12,1,20
2014,5,13,2,21
2014,5,14,3,22
2014,5,15,4,22
2014,5,16,5,21
2014,5,17,6,9
2014,5,18,7,7
2014,5,19,1,21
2014,5,20,2,24
2014,5,21,3,23
2014,5,22,4,23
2014,5,23,5,23
2014,5,24,6,10
2014,5,25,7,7
2014,5,26,1,8
2014,5,27,2,22
2014,5,28,3,25
2014,5,29,4,23
2014,5,30,5,22
2014,5,31,6,10
2014,6,1,7,7
2014,6,2,1,21
2014,6,3,2,22
2014,6,4,3,22
2014,6,5,4,22
2014,6,6,5,21
2014,6,7,6,9
2014,6,8,7,7
2014,6,9,1,21
2014,6,10,2,23
2014,6,11,3,21
2014,6,12,4,22
2014,6,13,5,20
2014,6,14,6,10
2014,6,15,7,7
2014,6,16,1,21
2014,6,17,2,23
2014,6,18,3,23
2014,6,19,4,22
2014,6,20,5,23
2014,6,21,6,10
2014,6,22,7,7
2014,6,23,1,21
2014,6,24,2,23
2014,6,25,3,22
2014,6,26,4,23
2014,6,27,5,22
2014,6,28,6,10
2014,6,29,7,8
2014,6,30,1,22
2014,7,1,2,26
2014,7,2,3,25
2014,7,3,4,24
2014,7,4,5,13
2014,7,5,6,8
2014,7,6,7,8
2014,7,7,1,24
2014,7,8,2,26
2014,7,9,3,23
2014,7,10,4,24
2014,7,11,5,23
2014,7,12,6,11
2014,7,13,7,8
2014,7,14,1,22
2014,7,15,2,25
2014,7,16,3,24
2014,7,17,4,23
2014,7,18,5,22
2014,7,19,6,11
2014,7,20,7,8
2014,7,21,1,22
2014,7,22,2,25
2014,7,23,3,23
2014,7,24,4,24
2014,7,25,5,23
2014,7,26,6,11
2014,7,27,7,8
2014,7,28,1,23
2014,7,29,2,25
2014,7,30,3,23
2014,7,31,4,23
2014,8,1,5,23
2014,8,2,6,11
2014,8,3,7,8
2014,8,4,1,23
2014,8,5,2,25
2014,8,6,3,24
2014,8,7,4,24
2014,8,8,5,24
2014,8,9,6,12
2014,8,10,7,8
2014,8,11,1,23
2014,8,12,2,25
2014,8,13,3,23
2014,8,14,4,24
2014,8,15,5,24
2014,8,16,6,12
2014,8,17,7,8
2014,8,18,1,23
2014,8,19,2,25
2014,8,20,3,25
2014,8,21,4,24
2014,8,22,5,24
2014,8,23,6,12
2014,8,24,7,8
2014,8,25,1,22
2014,8,26,2,25
2014,8,27,3,24
2014,8,28,4,25
2014,8,29,5,24
2014,8,30,6,12
2014,8,31,7,9
2014,9,1,1,9
2014,9,2,2,24
2014,9,3,3,27
2014,9,4,4,26
2014,9,5,5,25
2014,9,6,6,11
2014,9,7,7,8
2014,9,8,1,23
2014,9,9,2,26
2014,9,10,3,25
2014,9,11,4,21
2014,9,12,5,25
2014,9,13,6,12
2014,9,14,7,9
2014,9,15,1,24
2014,9,16,2,26
2014,9,17,3,25
2014,9,18,4,25
2014,9,19,5,24
2014,9,20,6,13
2014,9,21,7,9
2014,9,22,1,23
2014,9,23,2,24
2014,9,24,3,24
2014,9,25,4,24
2014,9,26,5,22
2014,9,27,6,11
2014,9,28,7,8
2014,9,29,1,22
2014,9,30,2,24
2014,10,1,3,24
2014,10,2,4,24
2014,10,3,5,23
2014,10,4,6,10
2014,10,5,7,7
2014,10,6,1,21
2014,10,7,2,24
2014,10,8,3,22
2014,10,9,4,21
2014,10,10,5,21
2014,10,11,6,10
2014,10,12,7,7
2014,10,13,1,19
2014,10,14,2,23
2014,10,15,3,22
2014,10,16,4,23
2014,10,17,5,21
2014,10,18,6,10
2014,10,19,7,7
2014,10,20,1,20
2014,10,21,2,23
2014,10,22,3,22
2014,10,23,4,21
2014,10,24,5,21
2014,10,25,6,10
2014,10,26,7,8
2014,10,27,1,21
2014,10,28,2,23
2014,10,29,3,21
2014,10,30,4,22
2014,10,31,5,18
2014,11,1,6,10
2014,11,2,7,8
2014,11,3,1,22
2014,11,4,2,23
2014,11,5,3,22
2014,11,6,4,22
2014,11,7,5,22
2014,11,8,6,10
2014,11,9,7,7
2014,11,10,1,21
2014,11,11,2,23
2014,11,12,3,22
2014,11,13,4,21
2014,11,14,5,22
2014,11,15,6,10
2014,11,16,7,7
2014,11,17,1,20
2014,11,18,2,23
2014,11,19,3,21
2014,11,20,4,23
2014,11,21,5,23
2014,11,22,6,11
2014,11,23,7,7
2014,11,24,1,23
2014,11,25,2,25
2014,11,26,3,20
2014,11,27,4,7
2014,11,28,5,12
2014,11,29,6,9
2014,11,30,7,7
2014,12,1,1,23
2014,12,2,2,24
2014,12,3,3,22
2014,12,4,4,22
2014,12,5,5,21
2014,12,6,6,10
2014,12,7,7,7
2014,12,8,1,20
2014,12,9,2,22
2014,12,10,3,22
2014,12,11,4,21
2014,12,12,5,21
2014,12,13,6,11
2014,12,14,7,7
2014,12,15,1,21
2014,12,16,2,23
2014,12,17,3,23
2014,12,18,4,23
2014,12,19,5,23
2014,12,20,6,10
2014,12,21,7,7
2014,12,22,1,23
2014,12,23,2,23
2014,12,24,3,13
2014,12,25,4,5
2014,12,26,5,16
2014,12,27,6,11
2014,12,28,7,8
2014,12,29,1,23
2014,12,30,2,26
2014,12,31,3,21
