Chlboo,Classize,class_size,scoremath,scorereading
60,14,,46.985,47.962
35,,15,38.12,64.636
20,,,13.993,20.079
60,,,24.48,33.191
,,,19.331,20.816
0,19,,24.397,.a
125,24,,22.904,23.45
75,12,,31.285,23.343
,,,,
100,,13,22.626,32.057
,,22,41.656,62.12
100,,17,35.35,54.117
120,,24,54.677,76.428
60,,12,35.047,48.198
100,18,,30.262,28.456
100,,19,42.661,56.781
80,17,,32.466,34.878
45,,12,17.681,46.772
10,24,,21.586,25.072
,20,,17.565,14.297
30,,16,29.826,33.528
100,,,41.681,55.565
40,,,21.682,36.138
50,20,,33.318,36.852
50,23,,,
200,,21,32.938,56.881
150,,26,51.22,74.088
30,,34,44.918,58.029
,24,,30.995,46.265
100,,22,53.231,50.283
100,,18,44.9,67
20,10,,15.303,21.449
,,,,
30,22,,17.887,23.126
,,23,43.208,45.123
12,22,,21.773,23.726
50,20,,32.295,22.45
200,,19,38.914,29.546
200,20,,36.321,33.169
,29,,32.766,33.602
250,,,42.469,29.576
70,14,,11.767,17.803
20,,17,48.038,45.956
40,,13,52.253,64.971
5,22,,23.586,22.131
100,19,,33.74,43.398
100,,22,42.955,57.835
20,21,,31.04,35.478
150,28,,37.2,34.796
6,25,,29.324,26.297
45,,22,46.165,53.463
100,20,,24.628,34.833
30,,21,50.263,51.528
.d,18,,20.793,21.502
100,21,,25.942,26.172
20,,31,57.749,76.85
40,18,,17.211,25.453
100,21,,14.858,21.886
100,,16,48.74,57.634
100,47,,38.694,34.19
20,16,,,
60,,23,44.129,82.499
100,,22,41.777,64.624
200,,28,46.602,41.58
3,25,,.a,.a
100,,24,51.081,48.991
50,20,,22.713,23.27
7,20,,25.232,27.568
100,21,,22.443,22.982
6,19,,15.429,.a
,,,44.276,65.231
100,18,,16.121,21.076
100,23,,28.396,27.376
50,,,24.215,29.315
200,14,,50.643,66.071
150,,25,47.542,65.452
25,24,,17.826,.a
20,,13,38.785,55.567
0,20,,13.771,.a
100,,,55.084,81.207
,,20,36.694,32.982
75,,,33.433,39.532
40,,17,26.966,29.557
200,16,,22.077,20.462
200,,21,48.172,72.94
40,26,,25.262,27.176
125,,17,57.721,84.56
15,,22,25.233,
100,19,,,
100,,22,41.194,29.214
17,25,,29.401,34.3
25,12,,43.67,55.985
60,18,,32.037,33.2
,,,,
75,20,,28.072,27.88
10,22,,26.518,36.578
20,,29,49.362,60.844
200,20,,23.22,22.037
100,26,,22.47,38.036
15,,,13.419,18.805
50,,23,41.896,55.037
40,30,,17.565,21.717
100,,28,30.538,38.09
40,,18,44.037,35.709
10,25,,12.383,.a
60,25,,28.206,29.11
100,,19,37.813,54.218
200,,19,44.703,54.923
100,,,22.151,25.42
4,,,43.048,50.87
60,,19,41.166,63.485
10,,31,37.015,36.323
70,,20,38.452,40.999
40,,,44.134,31.213
100,,19,53.266,66.14
200,,,,
100,20,,35.83,51.274
20,,25,45.277,63.473
200,19,,28.701,30.44
,,,36.84,52.776
70,,26,46.013,44.653
100,,19,52.528,68.674
100,,17,56.308,75.328
40,,21,24.817,37.154
200,,,27.173,37.209
,,22,47.125,63.924
10,,13,37.107,38.411
50,26,,45.914,59.489
30,20,,23.64,27.067
200,25,,34.085,47.103
100,14,,32.378,32.524
,,15,23.246,49.564
400,,26,41.312,54.673
15,22,,16.609,16.331
100,,,31.698,29.316
55,20,,23.083,20.117
100,,19,42.707,52.281
20,30,,22.64,28.053
150,14,,43.4,59.726
,,,14.656,.a
,,,,
120,,,43.806,48.806
40,,,21.136,22.629
20,16,,22.347,34.453
25,,35,46.679,67.399
100,21,,39.789,38.374
,,21,47.875,67.195
150,,22,51.927,73.947
20,14,,28.357,27.9
15,,26,43.539,56.161
300,,,53.399,62.484
100,15,,31.507,34.468
40,,,8.917,21.38
,20,,32.508,33.077
,,17,40.894,50.799
30,20,,20.041,43.948
100,,26,49.494,54.292
200,20,,20.188,17.704
50,19,,35.333,25.065
12,21,,35.515,36.06
100,23,,21.168,21.038
20,20,,13.863,.a
40,,17,44.81,63.085
30,,17,53.694,62.774
30,,25,48.571,63.048
75,20,,38.442,37.221
40,,22,46.264,69.282
5,,,42.617,36.409
200,,20,47.826,75.97
175,,20,43.215,48.005
200,,,32.776,49.48
75,29,,42.502,28.946
,15,,37.697,32.477
30,,,32.093,38.196
,,,16.497,.a
,,12,51.898,64.481
15,14,,14.24,16.516
40,,22,36.105,49.238
100,,,21.715,15.331
100,28,,41.186,37.469
,22,,,
200,,26,40.874,36.165
200,,12,42.479,40.737
50,16,,31.61,44.423
40,,18,44.609,82.403
150,45,,30.715,32.144
500,,12,34.101,36.904
200,25,,30.362,35.234
20,,20,54.289,55.161
100,,,39.663,39.082
10,15,,33.621,30.041
200,22,,21.395,30.593
200,21,,17.961,23.047
300,,,47.345,75.859
200,,19,45.185,74.838
50,,,,
20,,19,26.14,28.164
200,,,30.418,32.069
50,,21,41.104,51.703
100,15,,23.777,28.956
100,,,41.488,46.006
11,18,,22.81,23.595
1,,22,47.1,53.371
100,,26,46.271,68.109
10,,21,35.016,47.608
500,,,59.383,70.962
300,,24,42.667,53.632
23,,,41.36,42.336
6,19,,21.608,30.642
10,14,,14.013,14.635
200,20,,35.086,31.76
50,,26,46.674,51.318
10,16,,26.222,28.283
100,,20,42.697,54.379
,21,,19.435,37.424
30,15,,16.535,32.048
,,23,45.24,55.672
100,,30,45.974,63.587
60,22,,,
60,,23,38.384,45.582
300,,30,51.72,57.747
300,,19,18.77,45.073
100,24,,.a,.a
,,,37.029,34.444
200,26,,40.483,44.302
200,,16,44.512,69.03
100,,30,49.42,73.252
40,24,,41.541,58.55
150,20,,28.936,34.224
200,20,,15.869,22.008
100,16,,22.055,24.159
50,13,,25.436,30.106
50,20,,40.16,37.938
20,20,,23.29,37.788
10,20,,21.013,26.454
25,14,,20.386,26.056
100,10,,21.783,27.799
100,,19,47.914,66.413
100,17,,25.943,25.475
75,21,,23.438,29.776
100,,,41.719,32.154
40,,23,44.472,72.092
,,24,55.392,77.645
50,,,18.691,20.472
,,20,44.056,44.002
200,16,,40.121,36.524
15,20,,22.221,25.6
150,18,,32.692,43.134
50,,25,42.401,55.581
5,18,,,
,14,,21.359,24.861
0,21,,18.981,19.173
80,,19,26.353,36.841
,,,34.455,37.646
,20,,22.828,23.587
4,18,,21.315,27.485
,,,19.318,27.658
10,,,28.531,47.719
50,,,54.169,77.191
50,20,,15.877,20.201
100,25,,24.643,40.096
60,,,18.748,18.854
50,25,,26.219,33.888
30,,20,41.029,66.616
10,,30,35.857,51.076
40,,,39.55,38.193
30,,21,40.954,47.404
50,10,,8.516,13.433
,,33,43.611,52.911
20,,,31.638,36.33
100,16,,38.931,34.538
8,20,,20.122,.a
100,,15,39.871,67.159
50,,17,47.036,64.27
100,21,,42.002,66.972
25,,16,35.988,37.162
6,25,,20.627,22.814
50,,20,29.018,48.83
130,,19,47.633,60.325
,,,31.276,31.24
75,,17,46.441,59.658
,,,32.569,32.44
60,24,,33.173,29.278
50,,,48.251,71.461
100,12,,25.706,41.113
,,,30.012,28.453
25,,,47.695,62.455
15,,17,44.503,65.104
,,21,43.96,48.489
100,18,,16.93,26.394
20,19,,25.886,31.304
60,10,,,
200,14,,32.299,30.68
50,20,,32.174,41.934
50,,22,43.883,54.918
60,20,,29.767,34.316
100,25,,29.372,28.347
100,,19,59.231,67.083
25,,20,40.388,44.404
30,,19,43.425,49.234
100,,,56.674,61.326
70,,21,34.053,56.712
40,19,,20.253,26.106
150,22,,32.942,42.353
,,,29.786,29.228
600,,20,57.121,78.71
200,,,52.681,78.241
150,,25,39.239,38.845
200,19,,17.302,25.383
100,,20,48.964,47.865
8,18,,19.088,13.66
30,,21,37.987,34.928
200,18,,43.173,41.001
10,20,,15.924,21.92
200,21,,25.46,38.897
150,,,49.614,73.061
100,30,,15.414,27.382
200,25,,17.324,32.776
,25,,18.536,26.894
240,,22,41.008,54.14
30,,23,47.337,67.659
,16,,16.677,21.313
100,,14,42.538,73.461
75,33,,22.096,26.616
200,,21,44.946,49.913
200,,,32.141,40.256
50,,,55.523,70.862
5,,14,42.923,60.607
200,22,,31.752,35.884
120,,12,56.511,64.204
125,,18,48.9,67.666
40,,23,40.714,56.533
100,,22,54.659,72.328
10,,,22.45,.a
20,19,,,
100,,28,50.279,72.836
10,,25,35.247,38.319
150,,17,54.504,59.404
125,,20,53.23,50.877
50,13,,28.707,23.778
10,33,,23.777,29.613
300,,30,41.9,67.297
50,23,,21.625,15.339
35,,24,41.757,61.454
5,,,14.331,20.442
5,,,32.038,38.967
100,,16,45.85,53.419
150,23,,18.547,16.668
30,,20,34.905,40.837
15,,16,42.03,64.906
7,23,,12.511,19.14
100,,20,39.6,57.392
50,,,,
30,24,,,
35,,21,31.085,38.907
100,20,,46.367,38.233
,20,,14.604,19.47
20,20,,39.198,36.51
,25,,,
100,19,,32.349,34.336
100,19,,27.131,25.772
5,14,,22.086,21.038
100,18,,24.093,32.147
,,,,
15,24,,28.582,33.839
40,,20,31.475,57.658
20,,20,34.491,43.641
16,,27,43.902,35.718
100,,35,37.198,47.143
25,,,31.29,35.307
125,,20,41.184,44.041
100,18,,32.705,27.856
,,,18.081,24.142
25,10,,.e,.e
,,,20.464,27.883
200,19,,30.896,38.638
4,,,11.526,20.424
10,,21,42.201,55.492
30,16,,19.904,31.987
500,,16,39.616,57.203
,22,,17.377,20.289
100,,17,37.638,54.588
,25,,21.531,17.393
50,,21,37.639,61.372
25,25,,38.982,46.195
300,,18,47.816,56.473
24,21,,20.477,24.267
,,18,46.998,61.743
200,17,,25.321,24.853
100,16,,38.099,41.078
100,,23,55.447,65.449
45,,22,57.176,78.815
,15,,22.646,26.956
75,,19,54.568,76.116
60,17,,,
100,,23,48.881,60.602
150,20,,24.75,32.324
100,,24,51.396,71.621
100,21,,21.467,19.322
10,18,,.a,.a
200,10,,20.728,28.307
70,,,33.567,28.976
100,,21,39.225,60.655
30,20,,35.008,36.209
50,24,,25.021,31.669
20,25,,21.671,27.676
30,15,,33.288,29.881
10,20,,31.178,30.327
60,,,30.099,24.004
50,23,,21.707,33.988
100,,18,53.474,69.483
100,,23,58.837,50.81
150,,27,52.452,67.467
25,26,,17.681,20.319
20,,19,37.212,45.683
,,33,42.61,47.096
7,25,,,
100,,16,52.281,41.688
,,18,46.549,60.876
100,23,,35.505,36.981
100,21,,24.687,22.73
100,,17,46.097,71.609
50,,22,39.999,50.641
,,18,39.007,35.333
100,,26,46.004,63.291
300,,18,58.554,76.892
20,,28,32.156,31.862
,,,16.541,22.743
200,,20,43.092,74.968
,,,37.81,39.918
,,,24.27,33.488
300,,24,35.626,38.38
20,26,,22.73,27.076
0,,21,38.298,
200,14,,25.515,33.982
100,10,,7.793,11.499
200,20,,38.535,38.9
40,17,,20.512,28.591
100,,21,55.062,77.524
25,26,,25.285,31.468
30,,24,42.162,67.24
10,21,,,
60,27,,31.621,42.03
200,,20,37.228,69.4
100,25,,37.615,27.081
20,,19,58.182,67.757
175,15,,33.084,38.568
200,24,,36.132,43.777
50,,17,43.362,53.202
20,28,,22.756,28.549
30,16,,23.154,30.552
200,18,,47.158,48.36
,,23,49.165,50.358
150,,18,43.275,50.826
30,21,,13.285,13.79
200,15,,,
200,,20,43.44,56.324
150,10,,17.714,20.444
30,10,,32.728,57.37
30,,,20.74,24.492
8,,19,43.373,
12,19,,25.017,29.802
40,17,,21.28,15.346
,,,21.892,21.245
25,22,,24.049,22.853
100,19,,38.627,45.946
75,,17,49.273,72.146
200,,19,57.717,73.673
100,,,31.454,25.759
200,26,,53.782,63.595
100,26,,19.701,27.618
50,,34,46.61,76.928
100,20,,35.835,34.98
,,,30.37,37.732
20,17,,14.522,15.531
100,19,,37.605,33.607
10,14,,28.619,26.949
,26,,20.417,20.611
12,17,,26.555,36.517
500,,23,42.589,63.536
200,26,,37.652,40.742
,17,,19.866,26.032
100,21,,21.728,32.332
50,,25,36.079,38.16
1,,15,42.76,52.607
150,,24,45.098,77.894
100,,22,38.1,60.168
,,22,49.679,77.507
150,,24,45.142,51.623
150,,23,50.539,70.744
25,24,,26.354,34.312
,,,,
200,,,10.384,57.434
150,,,,
10,,,53.765,
200,30,,32.15,39.482
,,,24.138,24.234
100,25,,21.713,26.912
50,,,31.972,60.279
100,,22,53.233,59.178
,19,,12.617,25.333
50,,18,49.133,75.649
100,,17,37.529,60.955
40,,28,52.575,67.625
35,12,,31.827,41.041
,,28,32.562,47.125
500,,,35.35,60.995
70,25,,,
50,,,30.539,17.762
2,,18,48.921,
,19,,,
100,,,44.615,50.175
75,10,,,
100,21,,23.225,28.455
55,23,,33.482,50.381
15,,21,35.049,73.048
7,17,,25.691,27.492
,,,28.783,25.595
3,31,,15.908,13.258
75,,24,40.339,79.588
3,23,,16.3,.a
50,,,,
35,,16,44.653,49.437
100,,18,50.34,69.024
150,21,,24.793,29.308
20,22,,19.158,25.539
10,,20,39.025,35.434
100,,14,41.177,52.871
50,23,,25.633,34.258
50,,,37.67,37.392
65,,23,27.044,37.814
10,,22,48.362,60.984
150,,19,45.417,56.293
50,30,,,
100,,30,55.307,61.074
20,27,,23.382,18.683
400,,23,58.658,85.904
200,,28,55.836,73.19
20,24,,18.504,23.838
35,,,23.634,16.9
40,25,,19.243,14.968
30,21,,17.052,17.445
100,,18,44.285,62.615
50,,23,49.112,56.512
40,,28,57.42,64.544
,21,,20.357,22.471
,,,19.192,19.03
75,,,24.346,27.915
40,,19,56.46,71.435
100,,20,57.043,71.341
100,,22,52.231,63.516
150,,21,46.709,67.056
100,,16,44.016,68.744
,19,,36.016,51.023
150,,,58.314,80.029
300,,15,49.686,66.348
50,21,,34.483,39.097
,,19,50.22,48.052
30,,,22.837,
50,,20,39.155,73.624
100,14,,43.246,59.405
,,,37.562,45.35
60,18,,43.122,35.502
75,,20,57.521,80.497
200,,22,56.396,82.655
30,21,,21.886,26.459
100,,18,45.435,49.798
50,,21,45.558,61.539
10,,,,
150,18,,22.217,28.613
60,,21,47.696,52.868
20,,,55.158,69.201
2000,,,31.205,34.651
40,,,32.252,34.546
,17,,18.21,.a
100,,,25.427,28.425
100,14,,21.667,26.284
35,20,,22.157,30.687
,,,41.953,40.427
50,,22,51.115,78.317
0,,20,52.95,65.081
60,,22,43.577,53.525
30,,,,
,,,38.269,49.279
100,,25,51.915,58.579
30,,24,31.682,36.232
20,,,41.309,42.878
200,19,,25.361,24.475
20,25,,12.339,13.917
200,25,,39.834,48.428
20,12,,13.895,14.774
9,25,,21.076,24.349
,26,,23.209,34.575
20,,20,49.042,45.187
200,,22,56.492,73.335
50,,24,35.505,48.666
15,23,,43.079,33.168
300,,,,
50,,19,25.915,42.969
30,14,,15.627,24.653
,,21,40.705,48.136
,,27,41.784,65.351
200,20,,24.426,25.742
200,28,,32.903,36.997
50,22,,32.949,32.367
15,,22,32.957,59.563
,,,21.471,28.584
80,19,,22.758,28.924
8,,15,46.532,
55,,22,38.598,59.977
,,22,40.843,45.577
150,,21,53.969,60.129
50,24,,,
40,,20,46.808,75.371
,,,52.757,68.162
30,,,35.723,35.404
100,12,,23.519,21.664
100,12,,11.07,22.621
50,,15,53.807,66.284
100,,17,42.797,58.057
50,23,,26.093,31.494
,18,,19.552,14.515
30,20,,28.409,18.553
50,,34,47.694,58.876
20,,30,43.342,57.569
50,,,42.715,59.788
,,,25.872,23.477
60,26,,24.875,23.492
60,,26,50.26,68.951
100,18,,43.044,38.958
60,15,,15.246,23.258
50,18,,30.964,32.399
75,,,18.876,28.376
100,,24,56.442,70.921
125,,23,45.217,52.589
7,,21,42.757,47.321
,12,,45.631,46.301
100,28,,22.107,27.816
20,19,,35.579,43.617
10,17,,18.23,20.136
50,23,,28.235,40.116
30,,15,23.309,35.04
100,,23,49.893,50.093
30,20,,24.833,27.588
,19,,25.847,29.398
,,19,12.262,14.287
100,23,,22.346,28.637
100,,23,32.826,43.801
100,26,,25.564,32.043
25,25,,32.917,38.198
,16,,24.109,32.669
75,,25,43.502,74.688
60,,21,45.246,56.259
,,22,19.024,28.828
20,,18,23.261,49.024
,23,,17.544,.a
,,,27.183,43.114
,22,,24.596,30.333
40,,22,45.854,47.993
150,,,47.316,64.689
,,,15.775,25.737
30,22,,,
6,19,,13.325,.a
60,15,,33.613,26.031
75,29,,25.719,32.392
15,21,,31.72,42.157
50,15,,31.072,37.632
50,18,,29.842,34.813
300,,20,47.305,70.388
75,,21,55.986,58.62
100,,15,35.22,45.471
5,,20,32.543,49.87
5,25,,12.923,14.77
10,32,,34.722,36.065
120,10,,38.776,57.353
20,25,,15.549,14.679
150,25,,21.44,16.935
60,23,,36.706,28.816
70,16,,32.27,39.466
50,,16,49.046,50.736
50,23,,19.949,32.388
70,,20,43.137,69.014
500,,28,54.609,60.777
30,,,36.733,45.931
80,19,,20.936,25.957
5,26,,19.232,26.922
2,21,,25.734,30.444
,,,24.453,22.576
100,18,,20.097,26.376
60,,21,40.035,49.829
12,,,42.902,42.886
50,,21,34.214,44.539
40,,24,53.446,76.625
12,,,32.85,34.782
,22,,46.4,33.302
65,,26,40.09,73.376
12,33,,20.153,14.541
50,,17,48.173,65.845
30,27,,37.808,34.366
,,,20.289,22.43
400,,19,50.436,64.242
,,19,51.811,68.045
300,,23,30.535,42.093
100,,20,54.015,73.003
200,,20,56.517,73.844
60,,16,23.735,28.124
100,20,,21.755,26.123
75,24,,14.652,27.855
,,28,47.104,
100,20,,21.362,26.689
,,,18.971,21.509
200,,26,56.868,72.971
,27,,26.329,21.348
55,,17,51.102,65.109
40,,18,36.66,55.534
150,,21,49.669,66.103
50,,,47.815,57.434
360,,18,57.26,69.89
200,25,,28.415,40.858
50,16,,22.806,38.224
10,30,,41.701,32.546
200,,23,41.688,45.835
,,,35.198,65.19
200,19,,38.668,42.474
100,18,,30.575,22.665
100,19,,38.244,32.71
60,,12,30.732,68.513
20,17,,21.415,21.24
120,,,30.33,36.56
200,,24,46.203,57.221
100,,15,52.48,71.993
100,,17,48.186,78.523
10,17,,21.308,26.779
50,,,43.033,57.526
50,25,,31.615,37.248
50,14,,,
70,14,,27.126,24.829
150,,,,
200,20,,20.906,23.854
100,10,,38.294,46.647
200,,17,43.758,64.672
50,21,,22.894,42.391
,,,18.351,24.362
150,,12,44.248,80.519
30,,14,43.967,53.456
150,,24,47.074,66.174
200,,,51.408,69.184
35,25,,,
,16,,16.125,20.481
5,24,,23.718,24.805
200,13,,23.108,21.269
75,24,,32.264,35.735
60,14,,29.539,29.306
40,16,,27.015,29.027
50,18,,18.011,19.832
,27,,,
30,18,,24.396,26.955
100,24,,22.017,26.92
60,,19,58.066,50.946
4,,15,39.335,52.703
35,,,,
6,20,,12.14,22.682
50,,21,50.411,81.896
50,,23,45.829,47.578
50,22,,25.371,27.264
,,,16.178,25.917
50,30,,35.969,35.246
35,,20,48.594,69.947
40,26,,24.921,27.104
150,,,35.807,38.876
50,,25,37.718,50.297
100,,21,43.956,57.48
,,,19.289,33.034
100,,25,38.964,54.061
65,18,,18.12,25.295
10,24,,.e,16.911
100,23,,26.819,32.635
50,26,,20.405,33.856
,,28,45.467,71.695
500,,,,
100,,19,31.87,41.269
100,,23,57.459,64.921
200,24,,,
35,22,,36.246,39.834
150,22,,45.695,61.829
,,,,
,14,,21.937,21.009
8,,,37.246,33.607
50,,23,43.864,60.136
10,,19,38.516,43.079
200,21,,32.039,30.013
75,,,18.212,21.147
150,,15,47.48,44.114
6,23,,18.475,26.543
200,20,,16.699,22.697
200,10,,24.66,25.117
,19,,.a,.a
100,,19,37.802,50.969
60,,27,47.233,54.164
50,,12,48.214,58.9
12,27,,24.326,36.208
60,,25,38.864,55.728
30,,,44.009,60.478
300,,19,37.494,64.356
150,17,,40.277,39.897
2,22,,15.246,30.271
50,20,,41.978,39.28
200,,21,56.617,58.224
30,27,,21.695,24.201
50,,17,56.217,60.581
20,,20,34.035,52.16
10,26,,15.201,24.38
,,,24.214,31.414
200,,30,39.356,50.887
,,,,
25,19,,30.63,26.461
40,29,,30.269,31.982
12,,19,58.51,76.676
10,,28,20.152,29.023
100,,,31.306,33.974
50,19,,26.147,23.917
200,21,,13.592,24.642
20,20,,28.94,35.684
20,,18,36.221,
50,24,,15.915,30.171
200,,21,53.817,73.941
,18,,32.136,29.569
55,,26,50.786,76.03
175,,18,49.318,70.706
10,,21,45.174,57.679
50,21,,28.004,44.998
400,,20,52.416,68.353
,,25,34.832,36.883
100,,21,54.141,60.494
,,14,36.166,
40,18,,42.277,47.523
20,,12,23.376,31.943
150,,12,50.788,62.064
100,19,,37.067,39.226
,,,48.026,34.788
100,,13,55.597,73.904
100,,,,
,20,,29.103,27.413
100,,,25.353,23.586
50,,,47.718,57.568
100,,17,40.416,49.383
50,16,,15.196,15.894
150,,18,55.693,52.533
100,,21,42.504,37.359
15,18,,32.36,34.083
,,,51.912,78.047
40,21,,34.221,46.472
60,,18,36.795,55.001
50,,19,42.559,64.644
50,19,,26.294,30.233
150,,21,49.941,74.355
300,,19,55.407,52.994
25,,,29.478,31.478
50,18,,19.658,33.368
50,,,38.806,77.492
100,22,,32.434,34.705
,,19,33.75,49.088
40,29,,24.074,30.898
10,,16,39.879,44.594
50,,,30.05,35.927
75,21,,32.097,35.227
40,21,,26.786,28.946
100,,25,56.119,83.045
200,,17,50.969,62.361
100,14,,14.276,21.518
30,21,,20.068,16.584
50,,27,40.321,47.449
100,,22,38.122,47.532
100,20,,36.073,59.278
13,25,,21.245,25.855
50,,23,40.508,68.162
150,24,,21.898,30.135
3,17,,,
25,,12,51.864,57.182
,,,20.579,30.769
50,18,,37.506,38.378
100,,23,51.342,73.975
100,17,,31.218,37.144
50,23,,21.57,28.727
150,,22,48.301,61.31
100,,20,50.857,60.902
12,,,26.596,29.562
,26,,22.666,24.804
,26,,,
100,21,,21.992,27.173
20,,12,40.093,41.998
115,20,,47.968,44.449
100,,30,40.549,47.863
200,,20,42.101,61.409
50,,20,38.184,62.263
26,24,,29.846,36.184
20,29,,19.167,.a
,20,,22.743,54.494
10,23,,14.363,11.647
15,,16,40.942,45.764
10,,12,43.399,67.951
20,24,,23.924,28.599
,,,19.006,20.197
6,,20,40.844,25.6
125,18,,24.393,26.158
100,29,,34.357,32.916
4,,18,53.962,49.859
,,,,
60,,16,40.793,49.576
50,21,,33.455,36.689
10,21,,31.377,33.29
40,21,,,
,,19,41.305,70.071
100,,24,31.162,32.792
70,30,,24.492,26.687
38,30,,21.366,30.223
300,,23,48.736,65.721
40,,20,55.477,66.485
20,,20,52.241,41.795
40,19,,25.063,40.274
,,,,
15,,12,15.69,21.022
,,,38.493,54.565
100,,17,43.729,53.193
200,,12,27.365,37.122
100,22,,20.419,31.299
200,,35,35.643,64.418
10,,,29.715,28.562
,,28,46.614,70.072
100,,23,47.401,63.355
100,10,,20.769,23.682
,,16,57.189,77.719
20,21,,13.665,19.291
45,25,,11.813,19.028
5,30,,22.786,22.344
50,,20,30.208,43.979
100,11,,26.085,30.241
200,18,,22.869,26.946
40,13,,33.996,32.78
60,21,,33.864,30.886
,,25,38.273,62.306
50,13,,32.506,37.1
50,,,48.577,50.474
100,26,,41.149,35.952
50,,20,,
,20,,33.471,50.99
100,,17,51.34,52.759
15,30,,20.199,21.906
100,16,,39.718,63.451
40,,,37.516,39.955
100,,22,34.519,65.247
100,21,,23.459,32.827
10,,30,41.412,40.592
50,,,48.314,59.008
200,22,,34.147,40.374
200,23,,28.495,31.539
30,18,,13.309,23.246
100,,20,56.737,74.229
70,,14,37.764,54.422
6,,,19.292,26.895
25,25,,16.327,26.388
100,20,,30.616,35.948
,,19,47.229,70.414
150,24,,28.703,33.846
50,16,,25.134,31.816
50,,19,44.402,54.283
,,17,44.038,51.503
50,,23,40.909,38.64
,20,,,
100,,19,37.455,45.978
,,,31.752,35.08
20,26,,31.558,40.402
,,20,41.896,36.334
15,12,,22.193,23.325
60,17,,31.326,37.216
20,24,,23.142,22.044
10,,,40.515,47.503
25,29,,41.696,36.562
200,13,,22.508,24.798
75,24,,42.015,45.28
3,18,,16.62,20.842
20,17,,17.975,26.059
100,,20,53.149,73.308
100,19,,29.758,33.259
35,13,,30.374,18.127
60,,,32.634,24.562
50,20,,21.34,26.282
80,20,,27.543,48.385
20,20,,31.343,33.296
150,,23,48.332,48.71
20,28,,28.479,26.804
10,,,30.1,38.408
100,,17,33.508,56.945
,,,32.456,31.04
200,,,,
,,14,44.472,56.184
,,,,
,,15,30.885,42.21
35,21,,28.729,29.569
50,23,,22.025,20.397
25,,21,46.66,
1500,,24,52.901,74.307
50,19,,30.491,28.474
30,15,,22.49,34.252
150,,,41.032,43.647
,30,,31.072,34.11
100,,21,54.192,67.208
3,19,,23.228,.a
100,,21,38.723,45.504
,,,,
50,,31,34.831,62.588
100,,19,53.581,57.803
120,,13,34.167,43.323
200,,20,43.14,68.315
100,19,,51.483,53.059
100,11,,13.143,19.087
,,,20.692,.a
25,19,,19.234,40.621
25,22,,29.638,33.286
100,12,,24.931,28.46
30,,24,31.808,29.203
25,20,,33.47,45.958
,,19,35.431,39.689
30,,26,37.246,49.443
100,23,,28.714,31.507
30,26,,19.324,26.012
80,,15,48.986,60.623
50,,22,45.07,63.606
200,,20,44.638,49.894
13,28,,22.626,27.57
4,,,35.219,48.936
75,20,,20.925,34.058
50,23,,42.228,34.386
50,,26,33.804,43.872
100,,23,38.196,49.099
100,,28,51.652,69.838
200,22,,35.235,58.133
25,,20,32.002,39.784
12,23,,34.486,58.62
40,10,,15.014,23.883
20,,,37.415,68.124
150,,19,32.316,46.596
50,,30,45.861,50.706
50,,17,33.701,53.712
100,,21,48.586,70.265
20,,23,29.783,39.501
50,20,,,
,,,31.222,29.855
,,,22.7,21.238
,,34,33.738,
75,,19,46.45,51.45
10,19,,30.998,28.786
25,,20,25.403,50.871
40,,,31.141,40.873
100,,,,
100,,15,58.582,77.025
100,,,31.194,34.48
50,10,,52.104,65.728
100,22,,45.755,56.44
6,10,,,
200,15,,23.415,30.458
15,20,,,
50,,,,
100,12,,25.23,17.648
20,19,,13.902,24.205
,,,44.582,36.683
30,27,,29.624,30.712
10,,20,32.481,31.648
100,27,,46.454,44.876
,,,27.833,46.831
10,19,,24.226,21.55
50,,14,42.92,48.066
,,21,52.713,61.015
30,,21,47.429,55.45
,,,38.589,47.813
,,,43.255,31.026
,27,,25.444,28.503
200,21,,32.339,33.692
70,22,,29.828,34.244
75,26,,53.467,42.272
120,,,35.549,36.773
100,,20,31.866,28.54
100,,21,55.509,80.454
100,,30,47.427,66.252
30,21,,,
,,,34.295,34.481
50,,15,53.25,60.827
200,21,,23.421,31.149
100,26,,22.079,30.102
,27,,21.944,27.097
100,15,,17.988,23.097
100,20,,35.854,30.95
25,25,,32.128,36.304
35,18,,36.027,31.914
10,23,,23.648,26.503
6,,17,51.55,67.707
30,,30,43.174,59.378
400,,23,44.593,54.649
20,25,,18.069,13.813
200,,26,40.298,64.72
100,15,,21.131,33.812
50,21,,21.104,23.964
100,,25,37.17,61.711
30,19,,18.227,21.635
400,,,,
50,24,,26.31,33.801
75,,16,28.491,32.176
80,,29,46.734,79.171
2,20,,26.116,41.743
20,16,,22.055,20.53
100,22,,42.854,44.114
20,,24,51.178,58.469
55,,,35.862,35.787
.d,21,,37.669,45.877
60,,21,51.344,76.253
100,10,,30.827,33.195
16,17,,18.659,19.541
25,23,,14.186,19.617
100,22,,38.881,28.924
200,,25,40.599,59.141
200,,25,50.103,57.817
50,13,,40.631,35.729
100,,25,39.358,59.219
100,17,,14.862,19.588
200,,19,40.33,46.65
60,15,,43.974,45.265
12,,,34.456,29.658
200,20,,18.245,21.443
60,20,,24.906,37.735
75,19,,40.52,37.261
200,,20,46.515,56.963
,,,,
75,23,,25.119,32.502
20,14,,24.387,20.888
5,22,,16.88,.a
150,21,,15.382,15.914
100,,18,48.901,62.022
30,16,,25.998,37.997
30,,18,41.354,54.24
200,,28,53.821,68.083
100,,20,56.173,76.431
15,,20,35.687,
20,,20,42.199,56.224
200,18,,30.121,33.13
12,19,,18.998,31.802
200,,,27.362,52.754
30,15,,,
100,,18,46.271,60.224
150,26,,29.552,28.404
12,20,,18.108,.a
50,,23,40.977,35.242
40,20,,30.121,35.008
75,,30,46.508,47.517
25,,19,48.796,68.147
50,,18,49.068,71.439
20,,,41.634,51.758
200,25,,35.911,48.573
4,20,,26.046,19.218
200,13,,22.092,26.805
,,26,33.207,30.69
100,,23,41.594,54.328
.e,,,34.379,37.325
200,12,,45.372,48.276
4,15,,19.095,19.886
100,20,,18.256,23.762
200,,16,44.959,63.138
75,20,,26.982,31.543
100,,25,45.008,56.078
50,,17,39.544,52.288
16,16,,.a,.a
6,,19,51.131,46.426
50,,21,46.991,56.507
,27,,33.834,30.529
,20,,14.543,16.239
100,,18,34.796,48.019
5,22,,15.704,14.166
5,19,,24.79,33.159
36,,21,40.083,42.163
30,,25,48.793,71.998
200,27,,34.034,35.179
65,,16,39.142,52.626
65,27,,34.982,35.424
15,,,29.715,42.208
100,22,,19.306,23.095
,,18,40.657,48.476
50,,,40.057,36.383
100,16,,38.347,36.394
4,17,,27.129,37.933
20,21,,24.282,27.41
15,,13,44.912,65.491
40,,20,56.338,71.662
30,,,24.143,26.274
100,,21,51.189,51.246
50,22,,32.606,33.931
700,,16,58.464,82.648
200,18,,33.752,34.313
25,19,,28.619,28.547
75,,24,53.304,78.854
100,,28,47.32,79.692
,23,,21.272,25.9
100,,18,52.34,59.048
,,23,49.754,61.934
100,18,,41.637,38.305
,22,,19.651,19.883
250,,16,53.233,70.486
75,,13,48.391,70.008
15,20,,16.804,.a
100,,26,42.73,64.304
400,,19,54.092,64.2
200,26,,18.943,22.085
100,17,,22.039,21.485
50,,12,29.811,38.255
30,,29,39.84,38.042
60,,21,52.787,58.979
45,,19,39.273,49.825
200,,23,55.766,63.925
100,38,,27.816,38.771
20,19,,14.471,17.694
50,16,,31.667,35.048
150,,23,52.596,65.084
40,,18,40.06,47.585
10,19,,27.141,24.454
200,,21,41.775,44.162
100,,24,28.077,47.353
100,33,,14.267,29.981
200,,17,45.433,56.461
20,10,,15.511,22.04
200,,19,55.063,77.895
50,,15,25.094,37.76
15,,18,42.728,51.296
,19,,10.844,13.733
60,12,,13.232,14.811
,,,.e,12.302
20,,22,53.023,77.597
30,,22,58.155,49.016
50,20,,24.369,27.528
100,30,,23.166,21.403
200,18,,31.058,32.168
50,,19,34.993,49.278
30,30,,24.818,.a
88,,25,42.379,70.304
100,22,,40.039,36.387
20,21,,17.246,21.151
30,25,,,
200,,14,23.146,52.064
60,27,,13.99,15.783
40,23,,33.686,37.895
20,25,,19.807,20.911
200,,26,51.414,50.361
60,17,,18.885,23.088
50,22,,27.95,31.428
100,23,,,
7,20,,14.814,17.432
400,,,56.756,50.06
40,17,,26.102,32.27
30,,14,46.245,54.561
40,18,,34.601,34.239
100,,21,52.757,84.16
60,,24,37.888,60.979
300,,18,48.667,48.986
50,,29,56.756,56.795
100,,20,43.952,70.435
200,21,,25.077,33.345
10,18,,25.391,33.16
,18,,,
200,24,,,
100,,,,
35,,35,22.607,41.655
600,,30,32.42,48.216
50,,21,24.184,27.013
,,,43.551,42.668
150,23,,,
30,14,,36.049,31.662
25,15,,26.255,36.418
3,21,,13.799,21.516
15,,24,44.945,47.735
75,19,,25.51,36.784
40,,23,49.808,73.58
30,,17,43.104,48.559
20,34,,20.036,20.178
,27,,35.529,33.837
4,24,,13.182,15.453
0,,25,21.847,28.16
6,,,17.155,25.804
100,22,,44.106,40.03
200,15,,30.293,27.004
60,,26,37.678,61.655
100,26,,34.315,37.948
100,21,,16.282,24.848
100,20,,28.105,42.246
100,,,,
75,22,,31.639,36.627
30,16,,21.179,22.787
6,26,,22.147,30.429
100,18,,45.238,48.107
25,22,,23.388,36.279
200,,18,24.86,51.549
30,28,,17.546,27.078
40,26,,25.599,31.403
50,13,,31.174,37.631
200,20,,31.199,31.588
,,23,56.115,83.163
,26,,,
50,31,,16.687,26.05
20,,19,37.914,54.846
50,24,,22.641,30.488
75,,32,53.899,61.696
100,,19,58.241,74.592
40,14,,39.73,37.016
20,25,,40.16,41.658
100,17,,28.786,36.285
7,,20,,
50,27,,25.182,28.961
100,,,47.531,54.62
40,,19,50.542,61.885
100,17,,21.627,25.346
,21,,33.283,37.376
30,,17,54.148,76.27
40,,18,41.257,42.942
,20,,16.809,25.594
60,,18,41.466,64.313
30,,18,48.664,73.035
40,,22,54.513,74.377
200,,23,35.962,52.233
4,19,,21.934,.a
100,,19,46.094,64.148
20,19,,19.02,26.095
100,,22,41.096,52.159
35,20,,21.055,15.935
40,16,,32.002,31.123
100,,21,56.989,70.916
20,15,,44.646,36.831
75,,,56.18,70.516
,,,44.312,49.442
30,18,,31.072,33.586
10,23,,42.9,53.591
10,23,,37.479,60.79
200,20,,26.28,20.398
30,21,,31.781,46.079
50,23,,30.317,43.157
50,22,,29.215,42.656
,26,,33.131,33.084
50,,24,54.26,62.803
20,,22,57.644,68.662
150,20,,48.204,62.821
,31,,.a,.a
100,,25,42.514,42.141
75,26,,25.566,53.208
30,18,,19.525,15.694
100,,,38.861,49.062
50,,17,37.499,46.596
150,19,,32.255,50.377
90,10,,21.354,17.62
200,22,,33.538,31.299
35,23,,31.089,39.68
50,14,,21.118,20.42
70,,20,46.31,51.59
100,21,,20.187,22.477
20,26,,22.705,34.709
65,,,34.197,29.469
100,,26,37.575,71.196
,,,26.297,32.039
50,19,,,
32,,21,35.386,46.613
50,,,23.12,26.179
50,,29,32.262,62.746
200,,28,41.781,53.25
12,28,,24.327,27.021
,,27,51.665,64.124
75,24,,,
60,,21,26.849,67.642
100,,23,41.16,55.71
10,20,,10.14,.a
30,21,,17.031,23.561
30,,19,40.49,65.055
100,,23,56.593,57.854
80,,23,38.445,52.46
30,,,35.949,63.214
36,27,,32.979,36.144
,20,,30.006,41.152
110,23,,23.995,42.13
30,,23,49.794,66.607
100,,16,55.958,74.429
50,,21,43.714,49.798
50,18,,31.427,33.291
,,,18.13,25.467
50,22,,27.175,39.038
100,18,,33.241,37.968
15,,30,52.922,73.239
50,,26,56.792,73.012
25,,20,27.201,31.521
100,17,,20.859,21.764
20,18,,35.123,49.317
100,,25,57.568,69.378
150,24,,37.815,35.656
36,,22,57.961,71.957
50,,22,51.277,57.27
50,,18,44.243,57.881
100,,21,41.54,57.842
20,26,,25.301,17.008
20,,,,
40,,,26.264,35.617
200,21,,31.945,23.339
50,26,,17.294,25.817
,,21,30.692,40.416
24,21,,27.224,28.988
100,18,,24.614,35.633
5,,,,
200,,,21.154,28.083
50,23,,24.581,34.477
10,15,,20.922,31.615
,,,21.304,28.116
,20,,25.93,28.547
50,19,,37.081,32.942
30,,17,44.781,61.894
25,20,,24.261,30.102
100,,19,33.815,56.196
50,18,,22.886,22.765
,21,,30.762,30.273
100,,15,53.833,74.338
150,20,,34.944,36.801
500,,20,51.988,74.901
20,,19,51.53,51.001
150,,22,48.525,62.541
,,20,32.694,48.843
14,,18,45.169,61.133
7,,17,30.949,54.319
50,,12,46.561,54.493
,,,31.581,36.066
0,,17,23.776,35.664
30,,25,42.786,66.175
60,,22,52.671,56.599
,,30,46.946,47.492
50,29,,22.382,33.155
75,,22,36.727,47.757
100,31,,34.517,37.475
60,,,35.807,42.069
75,,19,43.018,56.552
,,14,45.766,61.478
50,,18,44.763,73.817
45,,12,,
,,,,
,,,14.799,25.989
60,,27,45.571,41.112
100,16,,29.395,18.824
30,23,,11.496,16.615
200,,30,56.144,59.11
200,,22,55.376,62.69
25,22,,36.554,33.057
50,14,,34.693,22.352
6,20,,16.444,.a
,,,29.849,35.044
200,,19,50.945,52.787
,19,,33.518,51.13
,,,37.398,29.072
35,,23,46.785,50.454
50,,19,39.274,50.846
20,,28,55.402,68.786
50,18,,29.265,36.617
30,,24,34.158,52.481
40,17,,38.799,43.572
150,,20,55.594,65.054
50,13,,32.162,36.076
30,26,,34.372,38.643
300,,35,48.255,66.338
10,,,48.47,51.326
100,,,,
500,,26,51.683,57.716
150,,18,56.928,76.983
0,,20,36.956,47.551
40,22,,20.904,21.617
30,28,,16.998,21.174
,23,,39.961,49.619
150,14,,25.913,34.463
,31,,,
60,,35,58.289,67.553
,,,36.953,42.12
50,,17,51.099,64.215
200,,,36.837,44.652
40,,16,33.07,57.228
100,,24,51.168,72.979
,,,43.795,72.083
20,,,34.208,36.61
50,,23,46.508,55.347
100,,19,29.67,55.005
25,,20,48.26,52.495
50,26,,37.407,38.736
50,,16,48.477,65.565
75,16,,35.296,44.682
100,30,,36.02,40.529
25,21,,17.384,20.946
100,22,,36.26,51.467
150,,20,55.534,71.022
10,33,,23.9,32.785
20,,22,44.439,52.21
,,28,58.393,78.912
100,14,,20.336,30.986
50,19,,35.722,38.038
500,,24,34.892,37.029
20,,26,40.196,50.033
40,,,22.786,16.639
,,,31.986,31.68
50,21,,28.613,41.683
30,14,,22.217,23.143
20,20,,38.816,45.009
30,,22,46.583,60.788
,,,22.783,21.104
100,,20,41.281,48.95
20,,20,50.037,64.391
100,,,45.648,67
300,,17,45.446,62.902
220,,19,34.403,26.13
,,,31.502,37.542
100,19,,20.715,23.605
40,,20,29.807,30.704
60,,19,42.859,53.141
7,,21,43.181,53.615
75,,,,
35,19,,37.392,42.336
50,18,,31.214,51.42
20,18,,13.226,17.9
50,,16,41.578,51.722
200,,26,40.488,52.683
200,20,,41.775,37.893
30,,20,43.483,44.632
30,,27,48.374,50.054
100,,22,42.493,58.245
80,19,,12.61,15.04
100,20,,22.794,32.501
100,19,,24.743,26.849
40,16,,,
500,,25,46.428,62.43
4,16,,21.417,29.119
10,20,,20.013,35.334
50,,27,54.078,48.204
75,,17,37.546,63.789
50,,19,53.316,62.779
50,,26,34.207,55.007
50,22,,30.757,43.537
75,,,25.289,49.927
50,29,,39.207,56.015
200,19,,32.201,36.789
200,20,,18.441,31.917
,29,,,
200,,,30.969,38.176
,,,39.379,35.461
0,20,,14.048,16.488
20,18,,15.7,23.539
500,,22,55.626,66.624
,,,17.578,17.075
200,28,,32.612,31.593
100,20,,31.82,36.667
,,,51.093,59.99
100,,19,41.995,65.719
60,18,,21.655,24.791
100,,,39.371,75.148
80,,21,53.363,81.737
50,,16,52.061,54.522
200,,22,60.537,77.85
50,,22,56.177,53.639
10,,18,44.561,
200,26,,54.438,57.732
,,,35.426,37.886
10,20,,30.996,33.433
150,,17,51.95,70.118
,,19,41.703,61.36
,,,30.82,34.077
,19,,,
,26,,,
20,,,30.09,42.76
25,,26,23.14,46.66
100,21,,26.298,31.081
,,21,57.074,66.324
100,,,25.126,39.79
100,,,47.718,50.003
25,,,58.902,54.658
.d,16,,18.626,29.244
25,16,,21.143,19.693
45,27,,22.334,22.382
50,,15,42.86,72.056
50,26,,18.151,31.011
,,20,44.743,71.326
100,,24,36.188,50.862
75,16,,20.505,16.767
200,20,,31.116,42.421
50,,32,47.978,69.25
30,30,,15.153,18.784
120,,,38.557,22.927
0,16,,37.182,58.957
50,25,,41.676,44.273
4,22,,15.242,25.3
,,,.e,19.627
15,,19,38.551,53.324
200,18,,47.493,40.49
75,19,,16.273,18.73
,17,,21.691,20.588
50,25,,24.998,38.213
200,21,,21.321,27.351
150,,13,53.091,66.656
6,20,,.a,.a
,,,21.601,19.621
8,13,,22.058,26.652
50,22,,29.443,25.142
5,26,,16.21,19.495
25,27,,,
100,,23,58.689,69.696
,,20,18.356,22.617
50,24,,32.045,39.533
20,,12,39.997,50.689
150,,21,42.171,64.726
200,,,31.768,37.644
50,,32,40.117,49.849
200,25,,23.61,36.827
75,21,,49.572,61.111
200,23,,21.727,31.529
6,16,,27.472,24.208
40,18,,25.979,26.871
100,,12,45.042,65.641
50,,,20.921,28.479
50,,23,51.593,67.329
30,24,,,
100,,19,42.921,59.457
150,,19,47.261,78.604
100,,20,31.98,37.218
50,15,,,
30,41,,35.675,37.331
60,30,,34.017,32.652
400,,14,56.934,61.303
100,14,,29.221,21.531
10,28,,26.896,31.085
200,16,,30.675,33.758
50,20,,24.926,40.719
150,,24,54.54,70.684
4,,,43.632,59.831
50,18,,31.335,31.232
,25,,,
60,,,,
50,21,,,
50,22,,31.101,33.102
100,,25,20.57,34.667
85,21,,35.161,36.617
30,24,,,
,,20,40.815,61.262
,,,17.24,13.937
100,19,,56.711,64.271
70,21,,35.257,31.058
200,16,,19.405,20.583
200,10,,19.164,27.023
30,20,,36.232,36.404
60,25,,31.887,37.607
150,,22,52.956,79.787
50,,25,41.74,60.673
,,17,31.183,40.95
100,,19,30.841,51.476
75,,25,43.052,51.741
40,19,,19.339,22.046
100,,,23.621,36.299
,,,17.467,27.742
100,25,,33.424,36.79
40,10,,16.119,28.221
25,26,,30.801,31.425
5,20,,14.683,16.537
1,19,,,
10,24,,23.625,30.92
20,,16,40.671,47.07
200,20,,30.68,31.095
50,,13,43.742,52.287
100,,30,56.337,63.724
,,,,
100,26,,31.813,24.504
30,23,,23.042,28.714
20,20,,45.945,.a
50,,,56.19,61.436
100,,14,48.572,61.734
30,22,,23.003,30.912
,,,36.221,36.867
75,,15,44.398,64.599
125,,,,
200,14,,31.132,32.323
200,25,,37.053,53.99
30,,21,23.015,29.104
200,15,,23.057,19.009
150,,,38.727,36.763
150,,22,46.495,60.844
100,,19,45.405,65.324
50,,16,54.909,56.493
,,23,46.734,64.647
30,,21,49.139,43.963
100,18,,38.408,40.902
100,10,,17.253,16.391
30,23,,31.897,51.482
100,,25,53.196,55.92
45,24,,24.196,32.331
500,,15,60.159,79.74
300,,20,47.37,65.671
100,17,,36.352,64.51
150,16,,24.741,43.076
200,18,,32.308,28.498
70,,,19.418,.a
100,20,,32.575,46.049
200,22,,27.377,36.208
75,,20,42.337,39.586
100,,,56.061,68.963
40,,21,41.338,62.224
150,20,,30.359,39.02
100,,,28.719,34.997
150,,14,51.846,62.061
40,20,,39.565,33.349
7,26,,22.703,30.351
100,,14,43.042,48.45
100,,21,46.464,45.962
150,13,,29.562,29.095
250,,19,54.54,69.554
,19,,,
,,,50.176,58.331
25,,19,35.884,31.009
200,16,,30.959,28.264
,,,,
100,19,,37.227,57.022
40,,31,43.109,51.428
,15,,,
,,,18.947,31.057
25,,25,45.935,71.34
20,23,,21.219,22.485
60,21,,29.468,50.638
,,,,
30,20,,18.778,29.544
6,,28,39.207,56.741
50,11,,12.316,15.369
50,,26,44.35,70.178
100,17,,28.247,30.831
180,20,,43.977,43.231
,,23,34.835,66.251
200,26,,20.463,25.047
,18,,21.397,27.603
100,,13,36.824,41.366
50,22,,24.237,44.808
200,,,25.951,23.689
100,,28,46.584,82.203
60,,20,32.301,
100,,23,51.81,74.851
20,,19,32.312,50.552
40,19,,14.646,18.784
60,10,,20.178,22.523
50,,20,54.854,62.167
100,,20,43.297,52.494
75,,,,
30,,21,48.855,
,,23,52.66,73.228
100,,25,51.854,59.919
,,21,40.127,42.528
30,,21,33.018,39.905
100,24,,43.974,57.381
200,20,,34.113,37.339
20,25,,23.994,29.377
20,,,16.977,20.597
50,21,,,
50,10,,28.314,42.474
30,26,,26.313,31.698
20,,22,51.114,63.222
100,23,,41.492,39.376
100,20,,,
,,,14.316,26.157
100,,,,
200,20,,32.575,44.685
50,,20,54.771,74.101
15,,17,36.069,46.037
75,22,,22.129,23.966
25,,18,32.969,52.584
85,23,,23.937,23.729
50,,,,
5,,20,44.341,57.795
30,,20,42.602,62.271
30,,20,48.124,73.955
25,20,,12.395,12.661
100,,34,43.284,54.939
,24,,35.638,37.567
50,27,,23.811,22.988
250,,,52.132,71.453
58,,22,33.597,46.108
,,,43.831,49.682
,,24,51.131,72.557
10,11,,38.43,42.759
,,27,39.257,51.063
200,23,,41.531,49.252
200,21,,20.476,32.443
80,24,,21.259,29.573
50,23,,17.744,24.879
0,18,,21.471,15.878
50,,22,41.89,64.505
70,20,,18.201,28.263
200,16,,23.973,15.957
20,21,,16.319,24.302
10,,21,43.68,48.859
200,23,,18.123,22.231
350,,21,57.453,75.387
75,33,,42.433,36.063
100,,15,44.718,43.079
100,,,,
50,21,,32.56,29.319
30,,,24.036,14.28
70,28,,22.73,32.162
100,,21,50.162,75.374
30,,20,55.204,66.928
50,10,,32.546,35.343
,,,31.305,35.831
10,15,,24.65,.a
150,,22,53.178,57.914
5,,,44.866,50.11
100,20,,26.435,20.564
500,,23,60.501,62.939
,,,18.003,23.398
55,21,,20.581,25.711
8,22,,20.517,31.45
200,19,,25.699,33.917
150,,,48.577,39.222
70,20,,20.013,.a
40,24,,27.106,31.359
20,,20,34.554,31.662
30,16,,17.178,20.442
12,,,36.614,42.955
10,,,31.4,35.902
250,,21,27.308,39.518
50,,25,48.044,46.089
50,20,,44.138,54.637
35,,27,54.078,59.642
,,,31.605,35.964
,,20,59.928,71.426
,,,30.569,38.918
,,,16.116,18.967
,,22,34.355,34.289
35,,,29.243,47.376
30,,20,38.124,32.774
.d,13,,34.781,41.816
50,27,,24.779,50.095
75,,,51.552,67.593
100,,23,46.263,66.179
15,,,16.88,21.126
30,,,32.454,29.014
50,,23,51.357,69.621
100,31,,23.87,40.097
30,20,,32.459,48.702
100,21,,24.654,26.944
50,20,,14.397,28.819
,27,,14.554,17.191
150,,,39.912,38.926
110,,,56.569,68.927
10,21,,22.939,32.147
200,13,,35.84,42.383
100,26,,22.653,29.321
75,,32,52.682,60.925
124,,21,51.36,68.524
50,15,,21.647,27.948
100,27,,35.714,41.637
11,20,,20.074,21.559
,,16,32.58,33.57
200,30,,32.816,40.154
30,20,,20.668,26.783
100,21,,35.486,53.344
200,,26,49.517,66.816
100,,14,46.361,49.51
20,25,,13.599,16.975
,,,47.031,45.725
75,18,,38.427,31.967
20,,14,20.306,24.184
,25,,22.977,36.179
100,22,,29.095,51.951
200,23,,,
300,,,36.959,36.324
30,,25,49.836,70.688
35,,24,32.11,60.018
,19,,,
,,18,42.061,38.566
15,,27,35.742,38.15
50,,12,21.202,30.595
3,,18,50.851,
600,,15,15.847,31.211
100,,,25.845,27.426
80,18,,33.1,23.488
2,14,,22.011,32.976
150,,13,43.919,51.269
50,24,,34.173,39.584
100,,14,46.393,55.515
150,,21,53.33,62.774
100,33,,24.707,31.426
10,20,,20.922,28.36
,16,,,
100,19,,30.278,32.42
75,22,,31.259,38.514
200,,23,45.128,66.767
50,29,,24.665,23.42
100,20,,33.115,42.697
,,,21.818,38.816
300,,18,54.105,74.509
30,,16,53.484,60.791
20,17,,18.674,24.65
120,,14,28.436,59.762
10,21,,18.79,21.929
30,30,,27.277,43.818
60,23,,26.459,32.958
200,24,,41.573,43.891
50,,,33.001,43.488
,,30,23.67,30.111
15,,20,43.046,
,,,34.669,39.006
50,17,,15.663,15.882
,,34,46.839,56.465
10,18,,20.582,30.806
2,,24,39.81,47.939
125,,17,41.124,48.856
35,,19,57.591,81.335
60,,19,33.823,41.311
150,,23,44.931,57.279
,,,37.475,38.386
200,26,,29.019,26.808
100,23,,41.754,32.777
30,15,,22.096,29.147
100,,20,52.216,68.411
,,,16.621,22.385
200,15,,17.535,28.479
50,,22,32.784,33.59
,,20,38.198,
100,,23,53.694,66.554
100,20,,31.312,33.143
,,,23.767,26.209
10,,23,30.698,35.989
80,,,42.808,46.372
300,,21,49.743,64.238
60,16,,38.128,56.328
75,20,,33.445,38.532
40,20,,24.798,39.44
50,,13,45.421,67.578
130,,,46.479,43.439
30,17,,27.5,30.26
100,19,,31.63,27.846
59,,25,29.06,30.4
.d,20,,28.333,35.961
300,,30,40.336,48.718
100,,30,53.806,58.071
6,17,,,
100,,20,57.362,77.773
200,,19,38.494,59.27
6,20,,16.244,.a
30,27,,21.22,28.62
90,,19,41.12,65.116
0,,22,28.576,43.583
100,,19,36.333,38.746
200,19,,19.652,31.768
100,,20,41.151,65.452
100,,19,33.554,51.823
50,25,,39.178,38.035
40,13,,38,52.427
150,,28,55.193,81.628
30,18,,33.02,30.581
300,,21,45.474,56.908
100,,,49.223,55.254
25,,30,51.322,73.053
,,24,52.485,79.536
200,,18,52.675,48.41
50,,15,56.235,69.772
25,,15,55.013,73.334
15,20,,27.962,35.695
50,18,,30.837,29.789
15,22,,20.934,34.515
90,,,18.427,31.503
20,24,,30.841,34.468
50,15,,27.183,26.472
100,16,,21.792,20.677
800,,21,37.168,43.346
100,14,,35.757,54.614
6,16,,11.974,.a
100,23,,30.093,29.995
,28,,23.334,26.096
65,22,,16.125,41.011
,20,,,
10,,23,18.384,32.722
100,,19,54.568,55.391
100,20,,32.421,45.541
12,28,,18.433,.a
200,,20,49.975,56.966
,,,21.741,26.032
100,,22,34.263,51.315
,,18,44.84,54.369
50,26,,21.066,19.888
4,20,,39.733,43.603
100,,20,35.068,44.269
75,25,,43.964,54.137
125,20,,42.977,46.495
60,,24,37.863,53.471
250,,20,50.713,65.684
200,20,,27.666,38.556
150,,20,38.113,47.252
30,,25,37.522,53.351
100,,26,57.013,49.843
30,20,,21.585,53.01
50,,34,54.337,62.228
130,,,39.867,50.479
250,,20,39.024,32.635
13,,19,46.175,37.309
,,,35.558,27.072